"","x"
"1",674.535062143225
"2",269.396356088161
"3",591.001308317439
"4",0
"5",91.8871292083651
"6",130.521490352791
"7",96.0638168996544
"8",0
"9",489.716631803673
"10",28.1926419162029
"11",0
"12",6.26503153693398
"13",778.952254425458
"14",184.818430339552
"15",542.969399867612
"16",0
"17",36.5460172987816
"18",0
"19",3.13251576846699
"20",133.654006121258
"21",563.852838324058
"22",0
"23",0
"24",819.674959415529
"25",6.26503153693398
"26",2.08834384564466
"27",375.901892216039
"28",2.08834384564466
"29",0
"30",53.2527680639388
"31",0
"32",0
"33",0
"34",0
"35",689.153469062738
"36",6.26503153693398
"37",27.1484699933806
"38",0
"39",0
"40",68.9153469062738
"41",0
"42",0
"43",229.717823020913
"44",511.644242182942
"45",0
"46",0
"47",76.2245503660301
"48",7.30920345975631
"49",439.596379508201
"50",0
"51",0
"52",0
"53",0
"54",0
"55",0
"56",1619.51065229743
"57",0
"58",0
"59",615.017262542353
"60",1.04417192282233
"61",0
"62",0
"63",3.13251576846699
"64",0
"65",203.613524950354
"66",0
"67",0
"68",0
"69",0
"70",117.991427278923
"71",175.420883034152
"72",0
"73",0
"74",0
"75",5.22085961411165
"76",0
"77",0
"78",0
"79",444.817239122313
"80",0
"81",4.17668769128932
"82",5.22085961411165
"83",0
"84",0
"85",0
"86",0
"87",0
"88",5.22085961411165
"89",537.7485402535
"90",0
"91",4.17668769128932
"92",0
"93",0
"94",0
"95",0
"96",301.765685695653
"97",0
"98",0
"99",0
"100",8.35337538257864
"101",0
"102",84.5779257486088
"103",0
"104",0
"105",712.125251364829
"106",0
"107",0
"108",0
"109",18.7950946108019
"110",0
"111",0
"112",0
"113",0
"114",0
"115",6.26503153693398
"116",0
"117",0
"118",0
"119",40.7227049900709
"120",0
"121",0
"122",0
"123",0
"124",0
"125",0
"126",0
"127",0
"128",0
"129",0
"130",0
"131",0
"132",0
"133",1.04417192282233
"134",0
"135",0
"136",207.790212641644
"137",0
"138",0
"139",259.99880878276
"140",0
"141",0
"142",0
"143",0
"144",0
"145",0
"146",61.6061434465175
"147",0
"148",0
"149",0
"150",0
"151",0
"152",0
"153",0
"154",331.002499534679
"155",0
"156",0
"157",4.17668769128932
"158",0
"159",0
"160",0
"161",0
"162",0
"163",0
"164",0
"165",0
"166",0
"167",32.3693296074922
"168",0
"169",27.1484699933806
"170",0
"171",0
"172",0
"173",0
"174",151.404928809238
"175",0
"176",41.7668769128932
"177",0
"178",0
"179",669.314202529114
"180",0
"181",0
"182",0
"183",0
"184",0
"185",0
"186",8.35337538257864
"187",0
"188",0
"189",0
"190",63.6944872921622
"191",0
"192",4.17668769128932
"193",27.1484699933806
"194",85.6220976714311
"195",164.979163805928
"196",1.04417192282233
"197",0
"198",0
"199",605.619715236952
"200",0
"201",0
"202",0
"203",0
"204",908.429572855428
"205",0
"206",0
"207",0
"208",0
"209",0
"210",0
"211",0
"212",0
"213",0
"214",0
"215",0
"216",28.1926419162029
"217",0
"218",0
"219",0
"220",0
"221",0
"222",0
"223",19.8392665336243
"224",0
"225",1703.04440612322
"226",1397.10203273628
"227",748.671268663611
"228",2274.20644790704
"229",508.511726414475
"230",12.530063073868
"231",431.243004125622
"232",636.944872921622
"233",313.251576846699
"234",52.2085961411165
"235",43.8552207585379
"236",1505.6959127098
"237",366.504344910638
"238",0
"239",0
"240",0
"241",10.4417192282233
"242",9.39754730540097
"243",0
"244",2.08834384564466
"245",89.7987853627204
"246",0
"247",530.439336793744
"248",5.22085961411165
"249",693.330156754027
"250",0
"251",102.328848436588
"252",4.17668769128932
"253",13.5742349966903
"254",0
"255",0
"256",0
"257",0
"258",0
"259",12.530063073868
"260",75.1803784432078
"261",0
"262",0
"263",0
"264",0
"265",0
"266",5.22085961411165
"267",0
"268",0
"269",1.04417192282233
"270",0
"271",504.335038723186
"272",359.195141450882
"273",2.08834384564466
"274",3.13251576846699
"275",0
"276",14.6184069195126
"277",0
"278",0
"279",40.7227049900709
"280",0
"281",0
"282",116.947255356101
"283",0
"284",0
"285",0
"286",0
"287",0
"288",0
"289",0
"290",24.0159542249136
"291",0
"292",0
"293",406.182877977887
"294",1.04417192282233
"295",89.7987853627204
"296",0
"297",8.35337538257864
"298",0
"299",0
"300",3.13251576846699
"301",0
"302",87.7104415170758
"303",12.530063073868
"304",0
"305",0
"306",0
"307",577.427073320749
"308",57.4294557552282
"309",0
"310",0
"311",6.26503153693398
"312",71.0036907519185
"313",0
"314",0
"315",0
"316",0
"317",0
"318",0
"319",48.0319084498272
"320",0
"321",0
"322",0
"323",0
"324",0
"325",0
"326",1.04417192282233
"327",0
"328",0
"329",0
"330",1.04417192282233
"331",0
"332",0
"333",0
"334",0
"335",0
"336",0
"337",0
"338",0
"339",0
"340",0
"341",0
"342",0
"343",275.661387625095
"344",0
"345",395.741158749663
"346",0
"347",0
"348",0
"349",0
"350",0
"351",0
"352",0
"353",0
"354",256.866293014293
"355",11.4858911510456
"356",0
"357",0
"358",0
"359",0
"360",288.191450698963
"361",0
"362",0
"363",0
"364",0
"365",2.08834384564466
"366",0
"367",0
"368",385.29943952144
"369",0
"370",0
"371",0
"372",0
"373",0
"374",0
"375",0
"376",0
"377",7.30920345975631
"378",0
"379",0
"380",936.62221477163
"381",0
"382",0
"383",6.26503153693398
"384",0
"385",408.271221823531
"386",0
"387",0
"388",49.0760803726495
"389",0
"390",0
"391",0
"392",0
"393",0
"394",0
"395",0
"396",28.1926419162029
"397",0
"398",0
"399",105.461364205055
"400",0
"401",356.062625682415
"402",0
"403",0
"404",0
"405",0
"406",129.477318429969
"407",0
"408",0
"409",0
"410",0
"411",0
"412",0
"413",0
"414",31.3251576846699
"415",151.404928809238
"416",2.08834384564466
"417",0
"418",0
"419",0
"420",0
"421",0
"422",0
"423",0
"424",0
"425",0
"426",0
"427",0
"428",0
"429",0
"430",0
"431",0
"432",454.214786427714
"433",0
"434",0
"435",0
"436",7.30920345975631
"437",0
"438",0
"439",275.661387625095
"440",0
"441",0
"442",0
"443",33.4135015303146
"444",0
"445",16.7067507651573
"446",0
"447",0
"448",1.04417192282233
"449",1069.23204897007
"450",624.414809847754
"451",689.153469062738
"452",323.693296074922
"453",193.171805722131
"454",24.0159542249136
"455",217.187759947045
"456",161.846648037461
"457",67.8711749834515
"458",513.732586028587
"459",3.13251576846699
"460",994.051670526859
"461",0
"462",5.22085961411165
"463",0
"464",18.7950946108019
"465",469.877365270049
"466",334.135015303146
"467",546.101915636079
"468",3.13251576846699
"469",51.1644242182942
"470",782.084770193926
"471",69.9595188290961
"472",190.039289953664
"473",148.272413040771
"474",243.292058017603
"475",722.566970593053
"476",29.2368138390252
"477",392.608642981196
"478",0
"479",34.4576734531369
"480",1.04417192282233
"481",22.9717823020913
"482",0
"483",3.13251576846699
"484",14.6184069195126
"485",25.0601261477359
"486",34.4576734531369
"487",122.168114970213
"488",0
"489",0
"490",0
"491",184.818430339552
"492",637.989044844444
"493",824.895819029641
"494",22.9717823020913
"495",2.08834384564466
"496",82.4895819029641
"497",0
"498",0
"499",0
"500",7.30920345975631
"501",1.04417192282233
"502",0
"503",0
"504",0
"505",0
"506",1.04417192282233
"507",0
"508",112.770567664812
"509",67.8711749834515
"510",1.04417192282233
"511",28.1926419162029
"512",968.991544379123
"513",0
"514",299.677341850009
"515",6.26503153693398
"516",80.4012380573194
"517",0
"518",0
"519",616.061434465175
"520",29.2368138390252
"521",0
"522",1.04417192282233
"523",628.591497539043
"524",0
"525",0
"526",0
"527",0
"528",0
"529",0
"530",706.904391750718
"531",80.4012380573194
"532",0
"533",0
"534",0
"535",346.665078377014
"536",0
"537",1.04417192282233
"538",0
"539",166.023335728751
"540",0
"541",0
"542",0
"543",0
"544",0
"545",0
"546",51.1644242182942
"547",462.568161810292
"548",0
"549",39.6785330672486
"550",0
"551",0
"552",1.04417192282233
"553",76.2245503660301
"554",2.08834384564466
"555",0
"556",69.9595188290961
"557",0
"558",0
"559",0
"560",0
"561",0
"562",0
"563",16.7067507651573
"564",0
"565",723.611142515875
"566",0
"567",0
"568",0
"569",0
"570",4.17668769128932
"571",32.3693296074922
"572",0
"573",0
"574",0
"575",0
"576",0
"577",12.530063073868
"578",0
"579",12.530063073868
"580",0
"581",0
"582",319.516608383633
"583",403.05036220942
"584",0
"585",0
"586",0
"587",0
"588",0
"589",0
"590",0
"591",0
"592",0
"593",372.769376447572
"594",0
"595",0
"596",0
"597",0
"598",228.67365109809
"599",0
"600",0
"601",1.04417192282233
"602",17.7509226879796
"603",0
"604",187.950946108019
"605",0
"606",0
"607",0
"608",10.4417192282233
"609",185.862602262375
"610",1085.93879973522
"611",8.35337538257864
"612",291.32396646743
"613",0
"614",0
"615",0
"616",376.946064138861
"617",0
"618",0
"619",1161.11917817843
"620",0
"621",74.1362065203855
"622",0
"623",0
"624",0
"625",0
"626",0
"627",0
"628",0
"629",0
"630",4.17668769128932
"631",224.496963406801
"632",0
"633",0
"634",14.6184069195126
"635",0
"636",0
"637",0
"638",0
"639",3.13251576846699
"640",0
"641",4.17668769128932
"642",0
"643",1.04417192282233
"644",0
"645",0
"646",0
"647",0
"648",0
"649",0
"650",0
"651",0
"652",0
"653",0
"654",11.4858911510456
"655",0
"656",21.9276103792689
"657",0
"658",0
"659",0
"660",33.4135015303146
"661",0
"662",0
"663",0
"664",597.266339854373
"665",0
"666",0
"667",0
"668",0
"669",0
"670",0
"671",0
"672",0
"673",143.051553426659
"674",1285.37563699429
"675",1133.97070818505
"676",24.0159542249136
"677",383.211095675795
"678",0
"679",42.8110488357155
"680",258.954636859938
"681",68.9153469062738
"682",57.4294557552282
"683",134.698178044081
"684",22.9717823020913
"685",11.4858911510456
"686",69.9595188290961
"687",0
"688",223.452791483979
"689",489.716631803673
"690",0
"691",0
"692",0
"693",313.251576846699
"694",20.8834384564466
"695",92.9313011311874
"696",0
"697",0
"698",737.185377512565
"699",0
"700",9.39754730540097
"701",0
"702",0
"703",1.04417192282233
"704",0
"705",0
"706",0
"707",13.5742349966903
"708",76.2245503660301
"709",22.9717823020913
"710",0
"711",0
"712",373.813548370394
"713",11.4858911510456
"714",211.966900332933
"715",0
"716",454.214786427714
"717",2.08834384564466
"718",0
"719",9.39754730540097
"720",2.08834384564466
"721",0
"722",0
"723",0
"724",55.3411119095835
"725",0
"726",61.6061434465175
"727",32.3693296074922
"728",0
"729",0
"730",61.6061434465175
"731",0
"732",0
"733",0
"734",0
"735",0
"736",14.6184069195126
"737",3.13251576846699
"738",1.04417192282233
"739",0
"740",1.04417192282233
"741",0
"742",289.235622621786
"743",0
"744",0
"745",0
"746",0
"747",0
"748",315.339920692344
"749",1363.68853120596
"750",48.0319084498272
"751",0
"752",0
"753",0
"754",0
"755",343.532562608547
"756",3.13251576846699
"757",6.26503153693398
"758",123.212286893035
"759",0
"760",1.04417192282233
"761",6.26503153693398
"762",0
"763",397.829502595308
"764",0
"765",81.4454099801418
"766",251.645433400182
"767",0
"768",10.4417192282233
"769",0
"770",0
"771",6.26503153693398
"772",0
"773",88.7546134398981
"774",0
"775",0
"776",8.35337538257864
"777",0
"778",0
"779",0
"780",0
"781",0
"782",0
"783",0
"784",0
"785",0
"786",0
"787",375.901892216039
"788",0
"789",0
"790",0
"791",0
"792",0
"793",0
"794",0
"795",0
"796",0
"797",0
"798",0
"799",2.08834384564466
"800",79.3570661344971
"801",0
"802",7.30920345975631
"803",0
"804",0
"805",0
"806",0
"807",0
"808",0
"809",0
"810",1584.00880692148
"811",0
"812",0
"813",0
"814",0
"815",0
"816",0
"817",0
"818",0
"819",0
"820",0
"821",0
"822",0
"823",0
"824",0
"825",0
"826",0
"827",58.4736276780505
"828",0
"829",0
"830",0
"831",0
"832",0
"833",0
"834",0
"835",1.04417192282233
"836",79.3570661344971
"837",151.404928809238
"838",0
"839",0
"840",0
"841",0
"842",1.04417192282233
"843",0
"844",0
"845",0
"846",3.13251576846699
"847",0
"848",0
"849",0
"850",0
"851",0
"852",0
"853",0
"854",0
"855",0
"856",0
"857",0
"858",0
"859",0
"860",0
"861",0
"862",0
"863",549.234431404546
"864",0
"865",0
"866",0
"867",0
"868",0
"869",0
"870",0
"871",0
"872",0
"873",0
"874",0
"875",0
"876",77.2687222888525
"877",0
"878",0
"879",0
"880",0
"881",0
"882",1141.27991164481
"883",0
"884",721.52279867023
"885",8.35337538257864
"886",0
"887",0
"888",0
"889",87.7104415170758
"890",0
"891",0
"892",0
"893",0
"894",4.17668769128932
"895",0
"896",0
"897",514.776757951409
"898",994.051670526859
"899",1128.74984857094
"900",360.239313373704
"901",296.544826081542
"902",849.955945177377
"903",0
"904",25.0601261477359
"905",0
"906",0
"907",21.9276103792689
"908",3.13251576846699
"909",628.591497539043
"910",14.6184069195126
"911",0
"912",44.8993926813602
"913",0
"914",457.347302196181
"915",37.5901892216039
"916",456.303130273358
"917",355.018453759592
"918",103.373020359411
"919",0
"920",561.764494478414
"921",204.657696873177
"922",34.4576734531369
"923",0
"924",929.313011311874
"925",775.819738656991
"926",32.3693296074922
"927",0
"928",6.26503153693398
"929",503.290866800363
"930",0
"931",38.6343611444262
"932",0
"933",87.7104415170758
"934",116.947255356101
"935",0
"936",291.32396646743
"937",0
"938",0
"939",76.2245503660301
"940",848.911773254555
"941",0
"942",356.062625682415
"943",3.13251576846699
"944",0
"945",2.08834384564466
"946",0
"947",0
"948",0
"949",0
"950",246.42457378607
"951",491.804975649318
"952",0
"953",0
"954",0
"955",15.662578842335
"956",314.295748769521
"957",0
"958",753.892128277723
"959",0
"960",1.04417192282233
"961",0
"962",0
"963",0
"964",4.17668769128932
"965",0
"966",159.758304191817
"967",0
"968",0
"969",0
"970",17.7509226879796
"971",22.9717823020913
"972",67.8711749834515
"973",0
"974",3.13251576846699
"975",0
"976",18.7950946108019
"977",13.5742349966903
"978",0
"979",0
"980",0
"981",29.2368138390252
"982",4.17668769128932
"983",0
"984",105.461364205055
"985",0
"986",0
"987",0
"988",0
"989",0
"990",0
"991",200.481009181887
"992",0
"993",169.155851497218
"994",0
"995",0
"996",0
"997",0
"998",0
"999",0
"1000",0
"1001",0
"1002",0
"1003",0
"1004",0
"1005",0
"1006",0
"1007",0
"1008",0
"1009",0
"1010",0
"1011",0
"1012",0
"1013",2.08834384564466
"1014",908.429572855428
"1015",1.04417192282233
"1016",0
"1017",0
"1018",0
"1019",0
"1020",131.565662275614
"1021",0
"1022",0
"1023",0
"1024",0
"1025",0
"1026",0
"1027",54.2969399867612
"1028",10.4417192282233
"1029",73.0920345975631
"1030",0
"1031",8.35337538257864
"1032",0
"1033",0
"1034",0
"1035",0
"1036",0
"1037",0
"1038",0
"1039",0
"1040",0
"1041",0
"1042",0
"1043",0
"1044",0
"1045",0
"1046",0
"1047",0
"1048",0
"1049",0
"1050",0
"1051",18.7950946108019
"1052",188.995118030842
"1053",0
"1054",0
"1055",637.989044844444
"1056",0
"1057",0
"1058",0
"1059",0
"1060",0
"1061",0
"1062",11.4858911510456
"1063",2.08834384564466
"1064",0
"1065",0
"1066",6.26503153693398
"1067",397.829502595308
"1068",0
"1069",0
"1070",31.3251576846699
"1071",0
"1072",3.13251576846699
"1073",0
"1074",0
"1075",0
"1076",0
"1077",0
"1078",0
"1079",0
"1080",0
"1081",0
"1082",0
"1083",0
"1084",0
"1085",0
"1086",2.08834384564466
"1087",0
"1088",0
"1089",0
"1090",269.396356088161
"1091",0
"1092",0
"1093",0
"1094",0
"1095",0
"1096",0
"1097",0
"1098",0
"1099",0
"1100",0
"1101",1809.5499422511
"1102",0
"1103",0
"1104",8.35337538257864
"1105",0
"1106",0
"1107",0
"1108",0
"1109",0
"1110",9.39754730540097
"1111",251.645433400182
"1112",0
"1113",0
"1114",0
"1115",0
"1116",167.067507651573
"1117",0
"1118",0
"1119",0
"1120",219.276103792689
"1121",1079.67376819829
"1122",1143.36825549045
"1123",11.4858911510456
"1124",417.668769128932
"1125",45.9435646041825
"1126",734.052861744098
"1127",183.77425841673
"1128",275.661387625095
"1129",333.090843380323
"1130",83.5337538257864
"1131",43.8552207585379
"1132",777.908082502636
"1133",570.117869860992
"1134",205.701868795999
"1135",0
"1136",380.078579907328
"1137",296.544826081542
"1138",0
"1139",170.20002342004
"1140",137.830693812548
"1141",191.083461876486
"1142",19.8392665336243
"1143",278.793903393562
"1144",129.477318429969
"1145",33.4135015303146
"1146",55.3411119095835
"1147",123.212286893035
"1148",0
"1149",18.7950946108019
"1150",14.6184069195126
"1151",0
"1152",556.543634864302
"1153",4.17668769128932
"1154",0
"1155",12.530063073868
"1156",6.26503153693398
"1157",0
"1158",14.6184069195126
"1159",52.2085961411165
"1160",513.732586028587
"1161",0
"1162",0
"1163",0
"1164",0
"1165",0
"1166",14.6184069195126
"1167",0
"1168",0
"1169",754.936300200545
"1170",55.3411119095835
"1171",29.2368138390252
"1172",0
"1173",0
"1174",16.7067507651573
"1175",830.116678643753
"1176",0
"1177",105.461364205055
"1178",73.0920345975631
"1179",0
"1180",0
"1181",0
"1182",0
"1183",528.350992948099
"1184",8.35337538257864
"1185",40.7227049900709
"1186",0
"1187",0
"1188",0
"1189",0
"1190",0
"1191",671.402546374758
"1192",0
"1193",1363.68853120596
"1194",0
"1195",0
"1196",0
"1197",0
"1198",0
"1199",0
"1200",28.1926419162029
"1201",0
"1202",154.537444577705
"1203",0
"1204",0
"1205",138.87486573537
"1206",2.08834384564466
"1207",0
"1208",0
"1209",0
"1210",0
"1211",0
"1212",0
"1213",41.7668769128932
"1214",35.5018453759592
"1215",742.406237126677
"1216",0
"1217",0
"1218",102.328848436588
"1219",441.684723353846
"1220",0
"1221",0
"1222",0
"1223",6.26503153693398
"1224",0
"1225",0
"1226",706.904391750718
"1227",0
"1228",0
"1229",2.08834384564466
"1230",6.26503153693398
"1231",0
"1232",0
"1233",0
"1234",0
"1235",0
"1236",8.35337538257864
"1237",0
"1238",0
"1239",0
"1240",54.2969399867612
"1241",6.26503153693398
"1242",0
"1243",0
"1244",0
"1245",0
"1246",0
"1247",134.698178044081
"1248",0
"1249",0
"1250",0
"1251",0
"1252",0
"1253",172.288367265685
"1254",232.85033878938
"1255",11.4858911510456
"1256",0
"1257",13.5742349966903
"1258",0
"1259",0
"1260",10.4417192282233
"1261",1.04417192282233
"1262",0
"1263",0
"1264",18.7950946108019
"1265",0
"1266",0
"1267",0
"1268",0
"1269",0
"1270",0
"1271",577.427073320749
"1272",0
"1273",0
"1274",0
"1275",0
"1276",0
"1277",0
"1278",0
"1279",0
"1280",0
"1281",1220.6369777793
"1282",0
"1283",2.08834384564466
"1284",0
"1285",0
"1286",10.4417192282233
"1287",0
"1288",7.30920345975631
"1289",0
"1290",0
"1291",0
"1292",512.688414105764
"1293",0
"1294",0
"1295",335.179187225968
"1296",738.229549435388
"1297",0
"1298",0
"1299",139.919037658192
"1300",0
"1301",0
"1302",2.08834384564466
"1303",0
"1304",0
"1305",0
"1306",0
"1307",0
"1308",0
"1309",199.436837259065
"1310",0
"1311",0
"1312",597.266339854373
"1313",290.279794544608
"1314",0
"1315",0
"1316",1.04417192282233
"1317",0
"1318",0
"1319",0
"1320",0
"1321",0
"1322",0
"1323",0
"1324",0
"1325",0
"1326",0
"1327",0
"1328",0
"1329",0
"1330",0
"1331",0
"1332",25.0601261477359
"1333",0
"1334",503.290866800363
"1335",0
"1336",0
"1337",0
"1338",0
"1339",0
"1340",155.581616500527
"1341",467.789021424404
"1342",0
"1343",69.9595188290961
"1344",2.08834384564466
"1345",1071.32039281571
"1346",1211.2394304739
"1347",866.662695942534
"1348",494.937491417785
"1349",410.359565669176
"1350",306.986545309765
"1351",475.09822488416
"1352",375.901892216039
"1353",0
"1354",58.4736276780505
"1355",344.576734531369
"1356",167.067507651573
"1357",683.932609448626
"1358",341.444218762902
"1359",0
"1360",2.08834384564466
"1361",54.2969399867612
"1362",139.919037658192
"1363",0
"1364",162.890819960284
"1365",220.320275715512
"1366",173.332539188507
"1367",72.0478626747408
"1368",675.579234066048
"1369",1188.26764817181
"1370",0
"1371",0
"1372",0
"1373",74.1362065203855
"1374",96.0638168996544
"1375",98.1521607452991
"1376",0
"1377",0
"1378",8.35337538257864
"1379",0
"1380",356.062625682415
"1381",32.3693296074922
"1382",285.058934930496
"1383",0
"1384",0
"1385",25.0601261477359
"1386",0
"1387",650.519107918312
"1388",253.733777245826
"1389",0
"1390",25.0601261477359
"1391",1.04417192282233
"1392",0
"1393",0
"1394",0
"1395",0
"1396",0
"1397",0
"1398",1221.68114970213
"1399",0
"1400",0
"1401",350.841766068303
"1402",498.070007186252
"1403",0
"1404",0
"1405",511.644242182942
"1406",0
"1407",335.179187225968
"1408",0
"1409",40.7227049900709
"1410",1.04417192282233
"1411",83.5337538257864
"1412",4.17668769128932
"1413",153.493272654883
"1414",17.7509226879796
"1415",0
"1416",0
"1417",7.30920345975631
"1418",0
"1419",0
"1420",0
"1421",0
"1422",0
"1423",0
"1424",7.30920345975631
"1425",0
"1426",0
"1427",0
"1428",0
"1429",0
"1430",0
"1431",452.126442582069
"1432",0
"1433",0
"1434",251.645433400182
"1435",0
"1436",0
"1437",0
"1438",0
"1439",498.070007186252
"1440",0
"1441",0
"1442",0
"1443",0
"1444",0
"1445",0
"1446",21.9276103792689
"1447",0
"1448",54.2969399867612
"1449",0
"1450",0
"1451",0
"1452",0
"1453",0
"1454",0
"1455",0
"1456",0
"1457",0
"1458",0
"1459",0
"1460",45.9435646041825
"1461",0
"1462",0
"1463",0
"1464",0
"1465",0
"1466",0
"1467",0
"1468",0
"1469",0
"1470",69.9595188290961
"1471",5.22085961411165
"1472",417.668769128932
"1473",0
"1474",0
"1475",0
"1476",54.2969399867612
"1477",0
"1478",0
"1479",0
"1480",1.04417192282233
"1481",0
"1482",5.22085961411165
"1483",0
"1484",0
"1485",0
"1486",0
"1487",0
"1488",0
"1489",0
"1490",0
"1491",0
"1492",0
"1493",0
"1494",0
"1495",0
"1496",0
"1497",0
"1498",0
"1499",467.789021424404
"1500",0
"1501",0
"1502",0
"1503",0
"1504",0
"1505",0
"1506",0
"1507",2.08834384564466
"1508",0
"1509",0
"1510",0
"1511",0
"1512",0
"1513",0
"1514",0
"1515",36.5460172987816
"1516",0
"1517",0
"1518",10.4417192282233
"1519",367.54851683346
"1520",0
"1521",0
"1522",0
"1523",0
"1524",1.04417192282233
"1525",0
"1526",202.569353027532
"1527",19.8392665336243
"1528",0
"1529",0
"1530",0
"1531",0
"1532",0
"1533",0
"1534",367.54851683346
"1535",0
"1536",0
"1537",0
"1538",0
"1539",0
"1540",0
"1541",25.0601261477359
"1542",11.4858911510456
"1543",0
"1544",0
"1545",0
"1546",0
"1547",0
"1548",0
"1549",13.5742349966903
"1550",0
"1551",2.08834384564466
"1552",0
"1553",0
"1554",0
"1555",0
"1556",131.565662275614
"1557",0
"1558",0
"1559",0
"1560",1.04417192282233
"1561",0
"1562",0
"1563",0
"1564",0
"1565",0
"1566",0
"1567",0
"1568",1202.88605509132
"1569",516.865101797054
"1570",282.970591084852
"1571",1001.36087398661
"1572",509.555898337297
"1573",498.070007186252
"1574",904.252885164138
"1575",269.396356088161
"1576",1056.7019858962
"1577",0
"1578",760.157159814657
"1579",924.092151697762
"1580",99.1963326681214
"1581",225.541135329623
"1582",1129.79402049376
"1583",249.557089554537
"1584",1112.04309780578
"1585",261.042980705583
"1586",41.7668769128932
"1587",617.105606387997
"1588",524.17430525681
"1589",59.5177996008728
"1590",232.85033878938
"1591",40.7227049900709
"1592",266.263840319694
"1593",5.22085961411165
"1594",0
"1595",2.08834384564466
"1596",668.270030606291
"1597",0
"1598",0
"1599",0
"1600",348.753422222658
"1601",32.3693296074922
"1602",0
"1603",0
"1604",5.22085961411165
"1605",0
"1606",0
"1607",3.13251576846699
"1608",1310.43576314202
"1609",63.6944872921622
"1610",565.941182169703
"1611",0
"1612",1241.52041623575
"1613",2.08834384564466
"1614",35.5018453759592
"1615",939.754730540097
"1616",0
"1617",25.0601261477359
"1618",0
"1619",120.079771124568
"1620",0
"1621",0
"1622",0
"1623",0
"1624",77.2687222888525
"1625",672.446718297581
"1626",6.26503153693398
"1627",943.931418231387
"1628",0
"1629",0
"1630",0
"1631",0
"1632",19.8392665336243
"1633",0
"1634",0
"1635",0
"1636",79.3570661344971
"1637",337.267531071613
"1638",0
"1639",0
"1640",0
"1641",0
"1642",87.7104415170758
"1643",0
"1644",11.4858911510456
"1645",0
"1646",0
"1647",0
"1648",125.30063073868
"1649",0
"1650",41.7668769128932
"1651",0
"1652",0
"1653",0
"1654",0
"1655",64.7386592149845
"1656",0
"1657",20.8834384564466
"1658",0
"1659",0
"1660",0
"1661",0
"1662",0
"1663",0
"1664",0
"1665",0
"1666",0
"1667",3.13251576846699
"1668",2.08834384564466
"1669",311.163233001054
"1670",14.6184069195126
"1671",0
"1672",0
"1673",0
"1674",0
"1675",0
"1676",0
"1677",0
"1678",0
"1679",0
"1680",0
"1681",0
"1682",0
"1683",0
"1684",16.7067507651573
"1685",61.6061434465175
"1686",0
"1687",0
"1688",0
"1689",0
"1690",0
"1691",0
"1692",0
"1693",0
"1694",0
"1695",357.106797605237
"1696",0
"1697",0
"1698",0
"1699",0
"1700",0
"1701",0
"1702",0
"1703",0
"1704",0
"1705",0
"1706",0
"1707",0
"1708",6.26503153693398
"1709",0
"1710",0
"1711",495.981663340607
"1712",89.7987853627204
"1713",0
"1714",59.5177996008728
"1715",1.04417192282233
"1716",0
"1717",0
"1718",0
"1719",0
"1720",0
"1721",125.30063073868
"1722",0
"1723",0
"1724",0
"1725",0
"1726",201.52518110471
"1727",0
"1728",0
"1729",0
"1730",0
"1731",321.604952229278
"1732",0
"1733",0
"1734",0
"1735",0
"1736",0
"1737",0
"1738",0
"1739",0
"1740",0
"1741",0
"1742",0
"1743",1.04417192282233
"1744",0
"1745",119.035599201746
"1746",32.3693296074922
"1747",0
"1748",0
"1749",65.7828311378068
"1750",0
"1751",12.530063073868
"1752",0
"1753",0
"1754",0
"1755",0
"1756",0
"1757",0
"1758",0
"1759",0
"1760",0
"1761",0
"1762",10.4417192282233
"1763",0
"1764",0
"1765",73.0920345975631
"1766",0
"1767",0
"1768",1358.46767159185
"1769",0
"1770",0
"1771",0
"1772",28.1926419162029
"1773",0
"1774",9.39754730540097
"1775",0
"1776",0
"1777",242.247886094781
"1778",17.7509226879796
"1779",0
"1780",0
"1781",0
"1782",0
"1783",15.662578842335
"1784",0
"1785",0
"1786",0
"1787",1.04417192282233
"1788",157.669960346172
"1789",619.193950233642
"1790",1044.17192282233
"1791",247.468745708892
"1792",102.328848436588
"1793",0
"1794",157.669960346172
"1795",2.08834384564466
"1796",0
"1797",0
"1798",455.258958350536
"1799",979.433263607346
"1800",436.463863739734
"1801",16.7067507651573
"1802",0
"1803",44.8993926813602
"1804",154.537444577705
"1805",547.146087558901
"1806",279.838075316385
"1807",3.13251576846699
"1808",435.419691816912
"1809",0
"1810",44.8993926813602
"1811",782.084770193926
"1812",208.834384564466
"1813",106.505536127878
"1814",885.457790553336
"1815",0
"1816",0
"1817",211.966900332933
"1818",0
"1819",0
"1820",0
"1821",0
"1822",0
"1823",110.682223819167
"1824",0
"1825",0
"1826",146.184069195126
"1827",0
"1828",1.04417192282233
"1829",0
"1830",0
"1831",0
"1832",265.219668396872
"1833",0
"1834",281.926419162029
"1835",27.1484699933806
"1836",0
"1837",0
"1838",255.822121091471
"1839",0
"1840",12.530063073868
"1841",209.878556487288
"1842",0
"1843",0
"1844",0
"1845",446.905582967957
"1846",892.766994013092
"1847",0
"1848",877.104415170758
"1849",0
"1850",0
"1851",92.9313011311874
"1852",32.3693296074922
"1853",0
"1854",3.13251576846699
"1855",89.7987853627204
"1856",542.969399867612
"1857",0
"1858",0
"1859",0
"1860",32.3693296074922
"1861",0
"1862",0
"1863",6.26503153693398
"1864",139.919037658192
"1865",0
"1866",0
"1867",0
"1868",0
"1869",190.039289953664
"1870",0
"1871",0
"1872",51.1644242182942
"1873",0
"1874",18.7950946108019
"1875",0
"1876",828.028334798108
"1877",0
"1878",9.39754730540097
"1879",618.14977831082
"1880",0
"1881",0
"1882",478.230740652627
"1883",51.1644242182942
"1884",221.364447638334
"1885",5.22085961411165
"1886",0
"1887",85.6220976714311
"1888",0
"1889",0
"1890",0
"1891",0
"1892",0
"1893",0
"1894",37.5901892216039
"1895",0
"1896",97.1079888224767
"1897",2.08834384564466
"1898",0
"1899",7.30920345975631
"1900",0
"1901",0
"1902",0
"1903",0
"1904",29.2368138390252
"1905",0
"1906",0
"1907",0
"1908",0
"1909",4.17668769128932
"1910",0
"1911",104.417192282233
"1912",431.243004125622
"1913",0
"1914",0
"1915",0
"1916",0
"1917",0
"1918",0
"1919",395.741158749663
"1920",0
"1921",150.360756886416
"1922",0
"1923",0
"1924",0
"1925",20.8834384564466
"1926",0
"1927",0
"1928",0
"1929",0
"1930",0
"1931",0
"1932",5.22085961411165
"1933",3.13251576846699
"1934",0
"1935",320.560780306455
"1936",0
"1937",0
"1938",0
"1939",0
"1940",0
"1941",0
"1942",0
"1943",0
"1944",0
"1945",0
"1946",0
"1947",0
"1948",0
"1949",0
"1950",0
"1951",0
"1952",0
"1953",0
"1954",0
"1955",0
"1956",0
"1957",0
"1958",116.947255356101
"1959",43.8552207585379
"1960",0
"1961",19.8392665336243
"1962",0
"1963",123.212286893035
"1964",0
"1965",357.106797605237
"1966",0
"1967",0
"1968",0
"1969",0
"1970",0
"1971",0
"1972",5.22085961411165
"1973",0
"1974",0
"1975",6.26503153693398
"1976",239.115370326314
"1977",0
"1978",0
"1979",0
"1980",0
"1981",4.17668769128932
"1982",0
"1983",0
"1984",0
"1985",0
"1986",0
"1987",0
"1988",0
"1989",0
"1990",0
"1991",467.789021424404
"1992",7.30920345975631
"1993",0
"1994",0
"1995",0
"1996",0
"1997",0
"1998",0
"1999",363.371829142171
"2000",0
"2001",0
"2002",1.04417192282233
"2003",0
"2004",0
"2005",0
"2006",4.17668769128932
"2007",0
"2008",0
"2009",235.982854557847
"2010",675.579234066048
"2011",322.6491241521
"2012",1428.42719042095
"2013",76.2245503660301
"2014",55.3411119095835
"2015",304.89820146412
"2016",50.1202522954719
"2017",15.662578842335
"2018",591.001308317439
"2019",0
"2020",0
"2021",2.08834384564466
"2022",0
"2023",304.89820146412
"2024",9.39754730540097
"2025",166.023335728751
"2026",0
"2027",1118.30812934272
"2028",16.7067507651573
"2029",80.4012380573194
"2030",824.895819029641
"2031",427.066316434333
"2032",7.30920345975631
"2033",0
"2034",728.832002129987
"2035",218.231931869867
"2036",0
"2037",12.530063073868
"2038",0
"2039",705.860219827895
"2040",0
"2041",44.8993926813602
"2042",0
"2043",1.04417192282233
"2044",7.30920345975631
"2045",71.0036907519185
"2046",635.900700998799
"2047",197.34849341342
"2048",1.04417192282233
"2049",884.413618630514
"2050",177.509226879796
"2051",5.22085961411165
"2052",0
"2053",0
"2054",0
"2055",0
"2056",261.042980705583
"2057",0
"2058",0
"2059",0
"2060",222.408619561156
"2061",0
"2062",2.08834384564466
"2063",0
"2064",0
"2065",0
"2066",0
"2067",0
"2068",0
"2069",0
"2070",0
"2071",512.688414105764
"2072",0
"2073",0
"2074",0
"2075",11.4858911510456
"2076",0
"2077",0
"2078",0
"2079",0
"2080",0
"2081",0
"2082",386.343611444262
"2083",0
"2084",11.4858911510456
"2085",2.08834384564466
"2086",0
"2087",74.1362065203855
"2088",797.747349036261
"2089",0
"2090",7.30920345975631
"2091",26.1042980705583
"2092",0
"2093",0
"2094",7.30920345975631
"2095",0
"2096",0
"2097",0
"2098",0
"2099",177.509226879796
"2100",7.30920345975631
"2101",0
"2102",0
"2103",0
"2104",5.22085961411165
"2105",0
"2106",4.17668769128932
"2107",0
"2108",942.887246308564
"2109",112.770567664812
"2110",38.6343611444262
"2111",467.789021424404
"2112",0
"2113",0
"2114",0
"2115",269.396356088161
"2116",0
"2117",0
"2118",0
"2119",3.13251576846699
"2120",0
"2121",0
"2122",0
"2123",0
"2124",0
"2125",0
"2126",0
"2127",2.08834384564466
"2128",0
"2129",0
"2130",0
"2131",0
"2132",0
"2133",0
"2134",1.04417192282233
"2135",223.452791483979
"2136",0
"2137",0
"2138",0
"2139",0
"2140",0
"2141",0
"2142",0
"2143",0
"2144",3.13251576846699
"2145",132.609834198436
"2146",0
"2147",0
"2148",0
"2149",19.8392665336243
"2150",0
"2151",0
"2152",25.0601261477359
"2153",35.5018453759592
"2154",0
"2155",0
"2156",0
"2157",0
"2158",177.509226879796
"2159",0
"2160",0
"2161",0
"2162",0
"2163",0
"2164",0
"2165",0
"2166",0
"2167",0
"2168",0
"2169",0
"2170",3.13251576846699
"2171",0
"2172",0
"2173",0
"2174",0
"2175",0
"2176",0
"2177",0
"2178",0
"2179",0
"2180",0
"2181",1.04417192282233
"2182",0
"2183",18.7950946108019
"2184",0
"2185",0
"2186",0
"2187",0
"2188",0
"2189",0
"2190",0
"2191",0
"2192",98.1521607452991
"2193",0
"2194",0
"2195",0
"2196",0
"2197",8.35337538257864
"2198",0
"2199",0
"2200",0
"2201",0
"2202",191.083461876486
"2203",0
"2204",0
"2205",0
"2206",85.6220976714311
"2207",1.04417192282233
"2208",0
"2209",0
"2210",0
"2211",0
"2212",0
"2213",0
"2214",0
"2215",0
"2216",0
"2217",0
"2218",589.957136394617
"2219",0
"2220",0
"2221",0
"2222",0
"2223",0
"2224",59.5177996008728
"2225",0
"2226",0
"2227",1081.76211204393
"2228",1095.33634704062
"2229",1096.38051896345
"2230",568.029526015348
"2231",599.354683700018
"2232",157.669960346172
"2233",31.3251576846699
"2234",377.990236061684
"2235",714.213595210474
"2236",549.234431404546
"2237",200.481009181887
"2238",363.371829142171
"2239",0
"2240",16.7067507651573
"2241",370.681032601927
"2242",0
"2243",0
"2244",8.35337538257864
"2245",0
"2246",381.122751830151
"2247",18.7950946108019
"2248",2.08834384564466
"2249",1.04417192282233
"2250",9.39754730540097
"2251",2.08834384564466
"2252",2.08834384564466
"2253",0
"2254",410.359565669176
"2255",0
"2256",203.613524950354
"2257",0
"2258",0
"2259",12.530063073868
"2260",0
"2261",14.6184069195126
"2262",0
"2263",0
"2264",266.263840319694
"2265",250.601261477359
"2266",166.023335728751
"2267",0
"2268",1.04417192282233
"2269",634.856529075977
"2270",0
"2271",0
"2272",1.04417192282233
"2273",406.182877977887
"2274",0
"2275",15.662578842335
"2276",106.505536127878
"2277",4.17668769128932
"2278",0
"2279",7.30920345975631
"2280",0
"2281",0
"2282",222.408619561156
"2283",0
"2284",51.1644242182942
"2285",30.2809857618476
"2286",0
"2287",113.814739587634
"2288",812.365755955773
"2289",0
"2290",232.85033878938
"2291",0
"2292",67.8711749834515
"2293",38.6343611444262
"2294",0
"2295",6.26503153693398
"2296",2.08834384564466
"2297",1.04417192282233
"2298",0
"2299",0
"2300",0
"2301",0
"2302",0
"2303",9.39754730540097
"2304",0
"2305",0
"2306",0
"2307",0
"2308",0
"2309",0
"2310",0
"2311",0
"2312",0
"2313",0
"2314",0
"2315",0
"2316",0
"2317",0
"2318",0
"2319",0
"2320",0
"2321",0
"2322",0
"2323",92.9313011311874
"2324",0
"2325",0
"2326",0
"2327",0
"2328",60.5619715236952
"2329",152.44910073206
"2330",0
"2331",0
"2332",0
"2333",0
"2334",0
"2335",0
"2336",0
"2337",63.6944872921622
"2338",0
"2339",0
"2340",0
"2341",0
"2342",275.661387625095
"2343",0
"2344",0
"2345",1.04417192282233
"2346",0
"2347",0
"2348",0
"2349",0
"2350",0
"2351",0
"2352",0
"2353",0
"2354",0
"2355",2.08834384564466
"2356",0
"2357",0
"2358",0
"2359",0
"2360",0
"2361",0
"2362",0
"2363",1.04417192282233
"2364",79.3570661344971
"2365",2.08834384564466
"2366",0
"2367",0
"2368",0
"2369",0
"2370",0
"2371",0
"2372",0
"2373",0
"2374",0
"2375",0
"2376",0
"2377",326.825811843389
"2378",171.244195342862
"2379",0
"2380",0
"2381",0
"2382",0
"2383",0
"2384",0
"2385",0
"2386",0
"2387",0
"2388",0
"2389",2.08834384564466
"2390",0
"2391",0
"2392",0
"2393",0
"2394",388.431955289907
"2395",0
"2396",0
"2397",140.963209581015
"2398",0
"2399",0
"2400",0
"2401",0
"2402",0
"2403",0
"2404",0
"2405",0
"2406",71.0036907519185
"2407",0
"2408",0
"2409",0
"2410",0
"2411",0
"2412",0
"2413",26.1042980705583
"2414",0
"2415",0
"2416",0
"2417",6.26503153693398
"2418",0
"2419",0
"2420",0
"2421",0
"2422",0
"2423",0
"2424",0
"2425",0
"2426",0
"2427",0
"2428",80.4012380573194
"2429",0
"2430",0
"2431",438.552207585379
"2432",248.512917631715
"2433",335.179187225968
"2434",477.186568729805
"2435",797.747349036261
"2436",2.08834384564466
"2437",845.779257486088
"2438",59.5177996008728
"2439",277.74973147074
"2440",841.602569794798
"2441",3.13251576846699
"2442",0
"2443",0
"2444",0
"2445",0
"2446",134.698178044081
"2447",44.8993926813602
"2448",0
"2449",0
"2450",7.30920345975631
"2451",0
"2452",11.4858911510456
"2453",5.22085961411165
"2454",0
"2455",0
"2456",0
"2457",0
"2458",0
"2459",0
"2460",0
"2461",16.7067507651573
"2462",0
"2463",0
"2464",869.795211711001
"2465",8.35337538257864
"2466",0
"2467",0
"2468",0
"2469",0
"2470",0
"2471",0
"2472",0
"2473",21.9276103792689
"2474",0
"2475",8.35337538257864
"2476",73.0920345975631
"2477",5.22085961411165
"2478",0
"2479",78.3128942116748
"2480",0
"2481",0
"2482",576.382901397926
"2483",0
"2484",0
"2485",0
"2486",0
"2487",0
"2488",11.4858911510456
"2489",0
"2490",0
"2491",0
"2492",17.7509226879796
"2493",186.906774185197
"2494",0
"2495",0
"2496",0
"2497",28.1926419162029
"2498",0
"2499",0
"2500",0
"2501",0
"2502",0
"2503",0
"2504",0
"2505",0
"2506",12.530063073868
"2507",8.35337538257864
"2508",0
"2509",0
"2510",0
"2511",91.8871292083651
"2512",0
"2513",1.04417192282233
"2514",13.5742349966903
"2515",0
"2516",29.2368138390252
"2517",0
"2518",0
"2519",0
"2520",0
"2521",0
"2522",7.30920345975631
"2523",0
"2524",0
"2525",0
"2526",107.5497080507
"2527",43.8552207585379
"2528",3.13251576846699
"2529",119.035599201746
"2530",0
"2531",0
"2532",0
"2533",27.1484699933806
"2534",77.2687222888525
"2535",6.26503153693398
"2536",0
"2537",0
"2538",0
"2539",11.4858911510456
"2540",0
"2541",0
"2542",0
"2543",0
"2544",0
"2545",0
"2546",0
"2547",0
"2548",35.5018453759592
"2549",0
"2550",0
"2551",5.22085961411165
"2552",0
"2553",0
"2554",0
"2555",0
"2556",0
"2557",606.663887159774
"2558",0
"2559",0
"2560",0
"2561",0
"2562",0
"2563",0
"2564",0
"2565",0
"2566",0
"2567",0
"2568",2.08834384564466
"2569",193.171805722131
"2570",0
"2571",0
"2572",0
"2573",0
"2574",14.6184069195126
"2575",0
"2576",3.13251576846699
"2577",54.2969399867612
"2578",0
"2579",10.4417192282233
"2580",0
"2581",0
"2582",2.08834384564466
"2583",316.384092615166
"2584",0
"2585",0
"2586",32.3693296074922
"2587",0
"2588",342.488390685724
"2589",0
"2590",0
"2591",0
"2592",0
"2593",0
"2594",228.67365109809
"2595",0
"2596",0
"2597",0
"2598",0
"2599",0
"2600",0
"2601",0
"2602",0
"2603",0
"2604",0
"2605",0
"2606",0
"2607",0
"2608",0
"2609",341.444218762902
"2610",0
"2611",0
"2612",0
"2613",0
"2614",0
"2615",6.26503153693398
"2616",438.552207585379
"2617",0
"2618",8.35337538257864
"2619",0
"2620",63.6944872921622
"2621",0
"2622",0
"2623",0
"2624",0
"2625",0
"2626",0
"2627",14.6184069195126
"2628",308.030717232587
"2629",286.103106853319
"2630",523.130133333988
"2631",137.830693812548
"2632",0
"2633",0
"2634",24.0159542249136
"2635",92.9313011311874
"2636",456.303130273358
"2637",0
"2638",231.806166866557
"2639",509.555898337297
"2640",0
"2641",0
"2642",18.7950946108019
"2643",0
"2644",340.40004684008
"2645",8.35337538257864
"2646",0
"2647",1.04417192282233
"2648",194.215977644953
"2649",0
"2650",0
"2651",0
"2652",50.1202522954719
"2653",5.22085961411165
"2654",12.530063073868
"2655",0
"2656",138.87486573537
"2657",509.555898337297
"2658",24.0159542249136
"2659",13.5742349966903
"2660",10.4417192282233
"2661",0
"2662",0
"2663",0
"2664",18.7950946108019
"2665",584.736276780505
"2666",0
"2667",0
"2668",414.536253360465
"2669",0
"2670",0
"2671",0
"2672",0
"2673",105.461364205055
"2674",0
"2675",0
"2676",0
"2677",0
"2678",98.1521607452991
"2679",0
"2680",19.8392665336243
"2681",1.04417192282233
"2682",276.705559547918
"2683",0
"2684",0
"2685",0
"2686",0
"2687",0
"2688",0
"2689",0
"2690",202.569353027532
"2691",44.8993926813602
"2692",147.228241117949
"2693",0
"2694",0
"2695",0
"2696",0
"2697",6.26503153693398
"2698",0
"2699",0
"2700",0
"2701",0
"2702",7.30920345975631
"2703",0
"2704",0
"2705",954.37313745961
"2706",0
"2707",16.7067507651573
"2708",28.1926419162029
"2709",0
"2710",0
"2711",0
"2712",0
"2713",0
"2714",11.4858911510456
"2715",0
"2716",0
"2717",18.7950946108019
"2718",17.7509226879796
"2719",0
"2720",0
"2721",0
"2722",0
"2723",113.814739587634
"2724",0
"2725",0
"2726",0
"2727",0
"2728",0
"2729",0
"2730",92.9313011311874
"2731",0
"2732",49.0760803726495
"2733",0
"2734",0
"2735",62.6503153693398
"2736",181.685914571085
"2737",98.1521607452991
"2738",0
"2739",0
"2740",0
"2741",0
"2742",1.04417192282233
"2743",0
"2744",0
"2745",0
"2746",0
"2747",0
"2748",115.903083433279
"2749",19.8392665336243
"2750",0
"2751",0
"2752",0
"2753",0
"2754",0
"2755",0
"2756",0
"2757",71.0036907519185
"2758",1.04417192282233
"2759",0
"2760",116.947255356101
"2761",0
"2762",0
"2763",0
"2764",0
"2765",0
"2766",18.7950946108019
"2767",0
"2768",0
"2769",5.22085961411165
"2770",0
"2771",1.04417192282233
"2772",0
"2773",0
"2774",0
"2775",39.6785330672486
"2776",9.39754730540097
"2777",0
"2778",0
"2779",0
"2780",0
"2781",0
"2782",0
"2783",114.858911510456
"2784",0
"2785",0
"2786",0
"2787",0
"2788",0
"2789",0
"2790",84.5779257486088
"2791",0
"2792",459.435646041825
"2793",0
"2794",0
"2795",0
"2796",95.0196449768321
"2797",0
"2798",0
"2799",0
"2800",0
"2801",0
"2802",0
"2803",0
"2804",0
"2805",0
"2806",0
"2807",0
"2808",0
"2809",0
"2810",0
"2811",0
"2812",0
"2813",173.332539188507
"2814",0
"2815",0
"2816",0
"2817",0
"2818",714.213595210474
"2819",0
"2820",86.6662695942534
"2821",80.4012380573194
"2822",599.354683700018
"2823",160.802476114639
"2824",64.7386592149845
"2825",41.7668769128932
"2826",10.4417192282233
"2827",32.3693296074922
"2828",262.087152628405
"2829",41.7668769128932
"2830",30.2809857618476
"2831",9.39754730540097
"2832",0
"2833",32.3693296074922
"2834",0
"2835",114.858911510456
"2836",277.74973147074
"2837",3.13251576846699
"2838",1.04417192282233
"2839",102.328848436588
"2840",3.13251576846699
"2841",2.08834384564466
"2842",213.011072255755
"2843",377.990236061684
"2844",0
"2845",0
"2846",0
"2847",0
"2848",10.4417192282233
"2849",25.0601261477359
"2850",736.141205589743
"2851",0
"2852",0
"2853",49.0760803726495
"2854",0
"2855",198.392665336243
"2856",1.04417192282233
"2857",109.638051896345
"2858",0
"2859",0
"2860",0
"2861",155.581616500527
"2862",0
"2863",263.131324551227
"2864",1.04417192282233
"2865",0
"2866",0
"2867",0
"2868",15.662578842335
"2869",0
"2870",9.39754730540097
"2871",12.530063073868
"2872",0
"2873",51.1644242182942
"2874",0
"2875",37.5901892216039
"2876",0
"2877",0
"2878",0
"2879",0
"2880",0
"2881",183.77425841673
"2882",208.834384564466
"2883",0
"2884",0
"2885",0
"2886",0
"2887",0
"2888",0
"2889",0
"2890",46.9877365270049
"2891",27.1484699933806
"2892",0
"2893",0
"2894",119.035599201746
"2895",0
"2896",0
"2897",0
"2898",377.990236061684
"2899",0
"2900",0
"2901",0
"2902",0
"2903",0
"2904",6.26503153693398
"2905",0
"2906",17.7509226879796
"2907",4.17668769128932
"2908",0
"2909",3.13251576846699
"2910",0
"2911",0
"2912",0
"2913",0
"2914",0
"2915",0
"2916",0
"2917",12.530063073868
"2918",0
"2919",7.30920345975631
"2920",540.881056021967
"2921",0
"2922",68.9153469062738
"2923",0
"2924",0
"2925",8.35337538257864
"2926",0
"2927",0
"2928",0
"2929",0
"2930",0
"2931",0
"2932",0
"2933",0
"2934",0
"2935",0
"2936",0
"2937",3.13251576846699
"2938",0
"2939",55.3411119095835
"2940",0
"2941",0
"2942",0
"2943",0
"2944",0
"2945",0
"2946",0
"2947",16.7067507651573
"2948",0
"2949",0
"2950",0
"2951",0
"2952",0
"2953",0
"2954",0
"2955",0
"2956",0
"2957",0
"2958",41.7668769128932
"2959",16.7067507651573
"2960",0
"2961",0
"2962",0
"2963",9.39754730540097
"2964",0
"2965",0
"2966",3.13251576846699
"2967",0
"2968",0
"2969",0
"2970",0
"2971",0
"2972",21.9276103792689
"2973",0
"2974",0
"2975",0
"2976",0
"2977",0
"2978",0
"2979",0
"2980",0
"2981",0
"2982",8.35337538257864
"2983",0
"2984",0
"2985",0
"2986",0
"2987",0
"2988",0
"2989",0
"2990",0
"2991",0
"2992",0
"2993",0
"2994",0
"2995",2.08834384564466
"2996",0
"2997",584.736276780505
"2998",201.52518110471
"2999",51.1644242182942
"3000",303.854029541298
"3001",12.530063073868
"3002",1.04417192282233
"3003",59.5177996008728
"3004",128.433146507147
"3005",27.1484699933806
"3006",229.717823020913
"3007",8.35337538257864
"3008",594.133824085906
"3009",2.08834384564466
"3010",36.5460172987816
"3011",90.8429572855427
"3012",0
"3013",0
"3014",0
"3015",0
"3016",0
"3017",0
"3018",177.509226879796
"3019",61.6061434465175
"3020",0
"3021",0
"3022",158.714132268994
"3023",68.9153469062738
"3024",0
"3025",13.5742349966903
"3026",0
"3027",0
"3028",2.08834384564466
"3029",69.9595188290961
"3030",81.4454099801418
"3031",0
"3032",72.0478626747408
"3033",0
"3034",14.6184069195126
"3035",0
"3036",0
"3037",0
"3038",1.04417192282233
"3039",0
"3040",0
"3041",51.1644242182942
"3042",18.7950946108019
"3043",0
"3044",0
"3045",0
"3046",0
"3047",0
"3048",0
"3049",0
"3050",0
"3051",0
"3052",0
"3053",0
"3054",0
"3055",3.13251576846699
"3056",4.17668769128932
"3057",0
"3058",0
"3059",15.662578842335
"3060",0
"3061",0
"3062",0
"3063",0
"3064",0
"3065",0
"3066",0
"3067",0
"3068",200.481009181887
"3069",0
"3070",0
"3071",0
"3072",0
"3073",0
"3074",46.9877365270049
"3075",1.04417192282233
"3076",0
"3077",0
"3078",33.4135015303146
"3079",27.1484699933806
"3080",0
"3081",0
"3082",0
"3083",9.39754730540097
"3084",0
"3085",0
"3086",13.5742349966903
"3087",0
"3088",0
"3089",0
"3090",0
"3091",0
"3092",0
"3093",0
"3094",0
"3095",0
"3096",52.2085961411165
"3097",136.786521889725
"3098",0
"3099",3.13251576846699
"3100",0
"3101",0
"3102",0
"3103",19.8392665336243
"3104",0
"3105",0
"3106",0
"3107",0
"3108",0
"3109",0
"3110",0
"3111",0
"3112",0
"3113",78.3128942116748
"3114",0
"3115",0
"3116",200.481009181887
"3117",0
"3118",0
"3119",0
"3120",0
"3121",44.8993926813602
"3122",0
"3123",0
"3124",0
"3125",0
"3126",0
"3127",49.0760803726495
"3128",0
"3129",0
"3130",0
"3131",0
"3132",0
"3133",0
"3134",0
"3135",0
"3136",0
"3137",0
"3138",0
"3139",0
"3140",0
"3141",0
"3142",0
"3143",0
"3144",0
"3145",0
"3146",0
"3147",0
"3148",0
"3149",0
"3150",0
"3151",0
"3152",0
"3153",0
"3154",0
"3155",0
"3156",0
"3157",0
"3158",0
"3159",0
"3160",0
"3161",0
"3162",0
"3163",0
"3164",0
"3165",0
"3166",0
"3167",30.2809857618476
"3168",684.976781371449
"3169",0
"3170",75.1803784432078
"3171",151.404928809238
"3172",196.304321490598
"3173",0
"3174",242.247886094781
"3175",0
"3176",56.3852838324058
"3177",10.4417192282233
"3178",0
"3179",0
"3180",2.08834384564466
"3181",1.04417192282233
"3182",26.1042980705583
"3183",62.6503153693398
"3184",38.6343611444262
"3185",53.2527680639388
"3186",24.0159542249136
"3187",0
"3188",48.0319084498272
"3189",218.231931869867
"3190",66.8270030606292
"3191",81.4454099801418
"3192",65.7828311378068
"3193",19.8392665336243
"3194",0
"3195",0
"3196",9.39754730540097
"3197",87.7104415170758
"3198",11.4858911510456
"3199",0
"3200",2.08834384564466
"3201",0
"3202",0
"3203",27.1484699933806
"3204",0
"3205",0
"3206",8.35337538257864
"3207",1.04417192282233
"3208",0
"3209",0
"3210",0
"3211",0
"3212",13.5742349966903
"3213",0
"3214",0
"3215",34.4576734531369
"3216",10.4417192282233
"3217",0
"3218",20.8834384564466
"3219",15.662578842335
"3220",0
"3221",16.7067507651573
"3222",88.7546134398981
"3223",0
"3224",0
"3225",0
"3226",0
"3227",0
"3228",0
"3229",0
"3230",5.22085961411165
"3231",0
"3232",34.4576734531369
"3233",0
"3234",0
"3235",6.26503153693398
"3236",811.321584032951
"3237",0
"3238",0
"3239",0
"3240",0
"3241",0
"3242",2.08834384564466
"3243",0
"3244",0
"3245",0
"3246",83.5337538257864
"3247",0
"3248",0
"3249",0
"3250",0
"3251",0
"3252",0
"3253",0
"3254",0
"3255",0
"3256",0
"3257",0
"3258",57.4294557552282
"3259",0
"3260",0
"3261",0
"3262",0
"3263",0
"3264",0
"3265",0
"3266",0
"3267",0
"3268",8.35337538257864
"3269",270.440528010984
"3270",0
"3271",0
"3272",0
"3273",0
"3274",0
"3275",0
"3276",0
"3277",0
"3278",71.0036907519185
"3279",0
"3280",3.13251576846699
"3281",4.17668769128932
"3282",1.04417192282233
"3283",0
"3284",0
"3285",0
"3286",0
"3287",0
"3288",27.1484699933806
"3289",0
"3290",0
"3291",0
"3292",0
"3293",231.806166866557
"3294",0
"3295",0
"3296",10.4417192282233
"3297",0
"3298",0
"3299",0
"3300",3.13251576846699
"3301",0
"3302",0
"3303",77.2687222888525
"3304",0
"3305",0
"3306",2.08834384564466
"3307",0
"3308",0
"3309",0
"3310",0
"3311",10.4417192282233
"3312",0
"3313",0
"3314",0
"3315",0
"3316",49.0760803726495
"3317",14.6184069195126
"3318",0
"3319",0
"3320",48.0319084498272
"3321",0
"3322",0
"3323",0
"3324",0
"3325",0
"3326",6.26503153693398
"3327",0
"3328",0
"3329",184.818430339552
"3330",55.3411119095835
"3331",0
"3332",0
"3333",29.2368138390252
"3334",0
"3335",0
"3336",111.726395741989
"3337",244.336229940425
"3338",368.592688756283
"3339",4.17668769128932
"3340",81.4454099801418
"3341",61.6061434465175
"3342",52.2085961411165
"3343",111.726395741989
"3344",5.22085961411165
"3345",0
"3346",0
"3347",8.35337538257864
"3348",0
"3349",0
"3350",0
"3351",0
"3352",0
"3353",33.4135015303146
"3354",0
"3355",0
"3356",0
"3357",4.17668769128932
"3358",0
"3359",0
"3360",0
"3361",30.2809857618476
"3362",0
"3363",0
"3364",0
"3365",171.244195342862
"3366",0
"3367",0
"3368",14.6184069195126
"3369",28.1926419162029
"3370",0
"3371",15.662578842335
"3372",0
"3373",0
"3374",2.08834384564466
"3375",0
"3376",0
"3377",0
"3378",36.5460172987816
"3379",126.344802661502
"3380",0
"3381",0
"3382",0
"3383",0
"3384",0
"3385",35.5018453759592
"3386",0
"3387",0
"3388",0
"3389",0
"3390",0
"3391",8.35337538257864
"3392",0
"3393",0
"3394",0
"3395",53.2527680639388
"3396",0
"3397",0
"3398",26.1042980705583
"3399",0
"3400",0
"3401",0
"3402",0
"3403",0
"3404",0
"3405",0
"3406",0
"3407",0
"3408",0
"3409",0
"3410",0
"3411",0
"3412",8.35337538257864
"3413",19.8392665336243
"3414",0
"3415",0
"3416",0
"3417",0
"3418",0
"3419",0
"3420",13.5742349966903
"3421",0
"3422",0
"3423",0
"3424",0
"3425",0
"3426",87.7104415170758
"3427",1.04417192282233
"3428",0
"3429",0
"3430",0
"3431",0
"3432",0
"3433",0
"3434",0
"3435",0
"3436",0
"3437",0
"3438",0
"3439",0
"3440",0
"3441",0
"3442",0
"3443",0
"3444",0
"3445",0
"3446",59.5177996008728
"3447",17.7509226879796
"3448",0
"3449",0
"3450",0
"3451",0
"3452",0
"3453",0
"3454",4.17668769128932
"3455",0
"3456",0
"3457",0
"3458",4.17668769128932
"3459",0
"3460",0
"3461",31.3251576846699
"3462",0
"3463",37.5901892216039
"3464",0
"3465",0
"3466",2.08834384564466
"3467",0
"3468",0
"3469",0
"3470",0
"3471",0
"3472",0
"3473",0
"3474",0
"3475",1.04417192282233
"3476",0
"3477",75.1803784432078
"3478",0
"3479",0
"3480",56.3852838324058
"3481",8.35337538257864
"3482",0
"3483",0
"3484",41.7668769128932
"3485",0
"3486",0
"3487",0
"3488",0
"3489",0
"3490",0
"3491",6.26503153693398
"3492",0
"3493",0
"3494",51.1644242182942
"3495",14.6184069195126
"3496",11.4858911510456
"3497",0
"3498",0
"3499",46.9877365270049
"3500",0
"3501",10.4417192282233
"3502",8.35337538257864
"3503",37.5901892216039
"3504",0
"3505",5.22085961411165
"3506",14.6184069195126
"3507",0
"3508",0
"3509",14.6184069195126
"3510",3.13251576846699
"3511",0
"3512",14.6184069195126
"3513",0
"3514",0
"3515",0
"3516",8.35337538257864
"3517",22.9717823020913
"3518",3.13251576846699
"3519",55.3411119095835
"3520",0
"3521",0
"3522",0
"3523",85.6220976714311
"3524",0
"3525",0
"3526",0
"3527",0
"3528",0
"3529",11.4858911510456
"3530",0
"3531",0
"3532",0
"3533",0
"3534",0
"3535",3.13251576846699
"3536",0
"3537",0
"3538",0
"3539",78.3128942116748
"3540",0
"3541",14.6184069195126
"3542",10.4417192282233
"3543",0
"3544",0
"3545",0
"3546",0
"3547",0
"3548",0
"3549",0
"3550",0
"3551",1.04417192282233
"3552",0
"3553",0
"3554",0
"3555",0
"3556",20.8834384564466
"3557",0
"3558",0
"3559",0
"3560",0
"3561",0
"3562",0
"3563",0
"3564",0
"3565",0
"3566",0
"3567",0
"3568",168.111679574395
"3569",8.35337538257864
"3570",11.4858911510456
"3571",0
"3572",57.4294557552282
"3573",0
"3574",170.20002342004
"3575",0
"3576",0
"3577",0
"3578",0
"3579",0
"3580",0
"3581",0
"3582",0
"3583",0
"3584",0
"3585",0
"3586",0
"3587",0
"3588",0
"3589",0
"3590",0
"3591",0
"3592",0
"3593",0
"3594",0
"3595",0
"3596",0
"3597",0
"3598",0
"3599",0
"3600",0
"3601",0
"3602",0
"3603",0
"3604",0
"3605",0
"3606",0
"3607",16.7067507651573
"3608",0
"3609",0
"3610",0
"3611",6.26503153693398
"3612",0
"3613",5.22085961411165
"3614",0
"3615",0
"3616",0
"3617",0
"3618",0
"3619",0
"3620",0
"3621",0
"3622",0
"3623",0
"3624",0
"3625",0
"3626",0
"3627",2.08834384564466
"3628",0
"3629",0
"3630",0
"3631",0
"3632",171.244195342862
"3633",0
"3634",0
"3635",0
"3636",0
"3637",0
"3638",1.04417192282233
"3639",0
"3640",0
"3641",0
"3642",106.505536127878
"3643",0
"3644",8.35337538257864
"3645",0
"3646",0
"3647",0
"3648",0
"3649",0
"3650",0
"3651",7.30920345975631
"3652",88.7546134398981
"3653",168.111679574395
"3654",71.0036907519185
"3655",24.0159542249136
"3656",0
"3657",5.22085961411165
"3658",34.4576734531369
"3659",17.7509226879796
"3660",0
"3661",55.3411119095835
"3662",18.7950946108019
"3663",0
"3664",0
"3665",1.04417192282233
"3666",3.13251576846699
"3667",0
"3668",0
"3669",0
"3670",0
"3671",0
"3672",0
"3673",9.39754730540097
"3674",0
"3675",2.08834384564466
"3676",0
"3677",0
"3678",0
"3679",0
"3680",0
"3681",0
"3682",0
"3683",26.1042980705583
"3684",2.08834384564466
"3685",0
"3686",0
"3687",0
"3688",0
"3689",0
"3690",0
"3691",0
"3692",0
"3693",15.662578842335
"3694",0
"3695",0
"3696",0
"3697",0
"3698",0
"3699",0
"3700",0
"3701",0
"3702",0
"3703",0
"3704",38.6343611444262
"3705",0
"3706",0
"3707",0
"3708",0
"3709",0
"3710",0
"3711",0
"3712",0
"3713",0
"3714",0
"3715",0
"3716",0
"3717",0
"3718",0
"3719",1.04417192282233
"3720",0
"3721",0
"3722",0
"3723",0
"3724",0
"3725",0
"3726",0
"3727",0
"3728",0
"3729",0
"3730",10.4417192282233
"3731",0
"3732",0
"3733",0
"3734",0
"3735",81.4454099801418
"3736",0
"3737",0
"3738",0
"3739",0
"3740",0
"3741",10.4417192282233
"3742",5.22085961411165
"3743",39.6785330672486
"3744",0
"3745",0
"3746",0
"3747",0
"3748",0
"3749",0
"3750",0
"3751",0
"3752",0
"3753",0
"3754",0
"3755",0
"3756",0
"3757",0
"3758",0
"3759",0
"3760",0
"3761",0
"3762",0
"3763",0
"3764",0
"3765",0
"3766",0
"3767",0
"3768",0
"3769",0
"3770",0
"3771",0
"3772",50.1202522954719
"3773",0
"3774",10.4417192282233
"3775",0
"3776",0
"3777",0
"3778",0
"3779",0
"3780",0
"3781",0
"3782",0
"3783",0
"3784",0
"3785",0
"3786",0
"3787",0
"3788",0
"3789",0
"3790",0
"3791",0
"3792",0
"3793",0
"3794",0
"3795",0
"3796",0
"3797",0
"3798",0
"3799",135.742349966903
"3800",0
"3801",0
"3802",0
"3803",106.505536127878
"3804",30.2809857618476
"3805",1.04417192282233
"3806",30.2809857618476
"3807",43.8552207585379
"3808",27.1484699933806
"3809",9.39754730540097
"3810",0
"3811",0
"3812",0
"3813",12.530063073868
"3814",0
"3815",0
"3816",7.30920345975631
"3817",2.08834384564466
"3818",26.1042980705583
"3819",0
"3820",0
"3821",0
"3822",0
"3823",0
"3824",0
"3825",0
"3826",0
"3827",27.1484699933806
"3828",0
"3829",0
"3830",0
"3831",0
"3832",0
"3833",0
"3834",0
"3835",0
"3836",0
"3837",0
"3838",0
"3839",1.04417192282233
"3840",0
"3841",5.22085961411165
"3842",0
"3843",0
"3844",0
"3845",0
"3846",7.30920345975631
"3847",0
"3848",34.4576734531369
"3849",7.30920345975631
"3850",67.8711749834515
"3851",0
"3852",0
"3853",0
"3854",0
"3855",40.7227049900709
"3856",0
"3857",0
"3858",0
"3859",0
"3860",0
"3861",0
"3862",0
"3863",0
"3864",0
"3865",125.30063073868
"3866",6.26503153693398
"3867",0
"3868",1.04417192282233
"3869",0
"3870",0
"3871",0
"3872",0
"3873",0
"3874",0
"3875",0
"3876",49.0760803726495
"3877",0
"3878",8.35337538257864
"3879",0
"3880",0
"3881",49.0760803726495
"3882",0
"3883",0
"3884",0
"3885",0
"3886",0
"3887",0
"3888",0
"3889",0
"3890",0
"3891",0
"3892",4.17668769128932
"3893",0
"3894",0
"3895",0
"3896",0
"3897",0
"3898",0
"3899",0
"3900",0
"3901",0
"3902",0
"3903",0
"3904",0
"3905",0
"3906",0
"3907",0
"3908",0
"3909",0
"3910",0
"3911",0
"3912",0
"3913",0
"3914",27.1484699933806
"3915",0
"3916",0
"3917",0
"3918",156.62578842335
"3919",0
"3920",0
"3921",0
"3922",0
"3923",0
"3924",0
"3925",0
"3926",24.0159542249136
"3927",0
"3928",0
"3929",0
"3930",0
"3931",0
"3932",0
"3933",0
"3934",0
"3935",0
"3936",0
"3937",0
"3938",0
"3939",8.35337538257864
"3940",11.4858911510456
"3941",44.8993926813602
"3942",0
"3943",8.35337538257864
"3944",5.22085961411165
"3945",2.08834384564466
"3946",0
"3947",0
"3948",22.9717823020913
"3949",0
"3950",0
"3951",13.5742349966903
"3952",19.8392665336243
"3953",13.5742349966903
"3954",0
"3955",382.166923752973
"3956",0
"3957",19.8392665336243
"3958",18.7950946108019
"3959",0
"3960",108.593879973522
"3961",0
"3962",3.13251576846699
"3963",1.04417192282233
"3964",2.08834384564466
"3965",0
"3966",0
"3967",0
"3968",0
"3969",1.04417192282233
"3970",0
"3971",0
"3972",0
"3973",0
"3974",33.4135015303146
"3975",0
"3976",0
"3977",0
"3978",0
"3979",0
"3980",0
"3981",0
"3982",0
"3983",2.08834384564466
"3984",2.08834384564466
"3985",0
"3986",1.04417192282233
"3987",0
"3988",13.5742349966903
"3989",0
"3990",0
"3991",0
"3992",0
"3993",0
"3994",2.08834384564466
"3995",106.505536127878
"3996",2.08834384564466
"3997",0
"3998",0
"3999",0
"4000",0
"4001",0
"4002",0
"4003",0
"4004",0
"4005",0
"4006",0
"4007",0
"4008",0
"4009",0
"4010",0
"4011",1.04417192282233
"4012",0
"4013",0
"4014",0
"4015",0
"4016",0
"4017",0
"4018",0
"4019",4.17668769128932
"4020",0
"4021",17.7509226879796
"4022",0
"4023",0
"4024",0
"4025",0
"4026",3.13251576846699
"4027",0
"4028",0
"4029",0
"4030",0
"4031",0
"4032",18.7950946108019
"4033",0
"4034",0
"4035",0
"4036",0
"4037",0
"4038",0
"4039",0
"4040",0
"4041",0
"4042",0
"4043",0
"4044",0
"4045",0
"4046",1.04417192282233
"4047",0
"4048",0
"4049",0
"4050",0
"4051",0
"4052",0
"4053",2.08834384564466
"4054",0
"4055",15.662578842335
"4056",0
"4057",1.04417192282233
"4058",0
"4059",0
"4060",0
"4061",0
"4062",0
"4063",0
"4064",0
"4065",0
"4066",0
"4067",0
"4068",0
"4069",0
"4070",5.22085961411165
"4071",0
"4072",0
"4073",0
"4074",0
"4075",0
"4076",0
"4077",0
"4078",0
"4079",0
"4080",0
"4081",0
"4082",0
"4083",0
"4084",0
"4085",0
"4086",0
"4087",0
"4088",0
"4089",0
"4090",42.8110488357155
"4091",0
"4092",62.6503153693398
"4093",0
"4094",2.08834384564466
"4095",3.13251576846699
"4096",0
"4097",54.2969399867612
"4098",0
"4099",0
"4100",14.6184069195126
"4101",36.5460172987816
"4102",12.530063073868
"4103",69.9595188290961
"4104",0
"4105",0
"4106",0
"4107",0
"4108",0
"4109",0
"4110",0
"4111",0
"4112",0
"4113",0
"4114",0
"4115",0
"4116",0
"4117",0
"4118",0
"4119",0
"4120",0
"4121",0
"4122",0
"4123",0
"4124",0
"4125",1.04417192282233
"4126",0
"4127",0
"4128",0
"4129",0
"4130",0
"4131",0
"4132",0
"4133",3.13251576846699
"4134",0
"4135",0
"4136",7.30920345975631
"4137",0
"4138",13.5742349966903
"4139",0
"4140",0
"4141",0
"4142",8.35337538257864
"4143",2.08834384564466
"4144",0
"4145",0
"4146",0
"4147",0
"4148",32.3693296074922
"4149",0
"4150",0
"4151",0
"4152",0
"4153",0
"4154",0
"4155",0
"4156",0
"4157",0
"4158",0
"4159",0
"4160",0
"4161",0
"4162",0
"4163",0
"4164",2.08834384564466
"4165",0
"4166",0
"4167",17.7509226879796
"4168",0
"4169",0
"4170",0
"4171",0
"4172",0
"4173",84.5779257486088
"4174",0
"4175",0
"4176",0
"4177",0
"4178",0
"4179",0
"4180",0
"4181",0
"4182",0
"4183",0
"4184",1.04417192282233
"4185",0
"4186",0
"4187",1.04417192282233
"4188",0
"4189",0
"4190",0
"4191",0
"4192",0
"4193",0
"4194",0
"4195",15.662578842335
"4196",0
"4197",0
"4198",0
"4199",0
"4200",0
"4201",0
"4202",0
"4203",0
"4204",0
"4205",0
"4206",0
"4207",0
"4208",0
"4209",0
"4210",9.39754730540097
"4211",0
"4212",0
"4213",0
"4214",0
"4215",6.26503153693398
"4216",0
"4217",0
"4218",0
"4219",0
"4220",0
"4221",0
"4222",0
"4223",7.30920345975631
"4224",0
"4225",11.4858911510456
"4226",0
"4227",0
"4228",0
"4229",0
"4230",0
"4231",0
"4232",0
"4233",0
"4234",0
"4235",0
"4236",0
"4237",0
"4238",0
"4239",0
"4240",0
"4241",0
"4242",0
"4243",0
"4244",0
"4245",0
"4246",42.8110488357155
"4247",4.17668769128932
"4248",6.26503153693398
"4249",0
"4250",9.39754730540097
"4251",0
"4252",0
"4253",12.530063073868
"4254",0
"4255",16.7067507651573
"4256",0
"4257",0
"4258",0
"4259",0
"4260",1.04417192282233
"4261",0
"4262",0
"4263",0
"4264",43.8552207585379
"4265",0
"4266",0
"4267",0
"4268",0
"4269",0
"4270",0
"4271",0
"4272",3.13251576846699
"4273",0
"4274",0
"4275",0
"4276",0
"4277",0
"4278",0
"4279",0
"4280",0
"4281",0
"4282",0
"4283",0
"4284",0
"4285",0
"4286",0
"4287",0
"4288",0
"4289",2.08834384564466
"4290",0
"4291",0
"4292",0
"4293",0
"4294",0
"4295",0
"4296",0
"4297",0
"4298",0
"4299",3.13251576846699
"4300",0
"4301",0
"4302",0
"4303",0
"4304",0
"4305",0
"4306",0
"4307",0
"4308",20.8834384564466
"4309",0
"4310",0
"4311",5.22085961411165
"4312",0
"4313",0
"4314",0
"4315",0
"4316",0
"4317",0
"4318",0
"4319",0
"4320",0
"4321",0
"4322",0
"4323",0
"4324",0
"4325",0
"4326",2.08834384564466
"4327",0
"4328",0
"4329",0
"4330",0
"4331",0
"4332",0
"4333",0
"4334",0
"4335",0
"4336",0
"4337",3.13251576846699
"4338",0
"4339",0
"4340",1.04417192282233
"4341",8.35337538257864
"4342",0
"4343",0
"4344",0
"4345",0
"4346",0
"4347",0
"4348",0
"4349",0
"4350",0
"4351",0
"4352",0
"4353",0
"4354",0
"4355",0
"4356",0
"4357",0
"4358",0
"4359",0
"4360",0
"4361",0
"4362",0
"4363",0
"4364",7.30920345975631
"4365",0
"4366",0
"4367",0
"4368",0
"4369",0
"4370",0
"4371",0
"4372",0
"4373",0
"4374",0
"4375",0
"4376",0
"4377",0
"4378",0
"4379",0
"4380",0
"4381",0
"4382",0
"4383",0
"4384",3.13251576846699
"4385",0
"4386",0
"4387",0
"4388",0
"4389",0
"4390",0
"4391",0
"4392",0
"4393",0
"4394",0
"4395",0
"4396",0
"4397",0
"4398",15.662578842335
"4399",1.04417192282233
"4400",0
"4401",0
"4402",0
"4403",0
"4404",0
"4405",0
"4406",1.04417192282233
"4407",0
"4408",0
"4409",0
"4410",0
"4411",0
"4412",10.4417192282233
"4413",3.13251576846699
"4414",3.13251576846699
"4415",0
"4416",0
"4417",0
"4418",12.530063073868
"4419",0
"4420",0
"4421",0
"4422",0
"4423",0
"4424",0
"4425",0
"4426",0
"4427",0
"4428",0
"4429",0
"4430",0
"4431",0
"4432",0
"4433",0
"4434",0
"4435",0
"4436",0
"4437",0
"4438",0
"4439",0
"4440",0
"4441",0
"4442",0
"4443",0
"4444",0
"4445",0
"4446",0
"4447",0
"4448",0
"4449",0
"4450",0
"4451",0
"4452",0
"4453",0
"4454",0
"4455",0
"4456",0
"4457",2.08834384564466
"4458",0
"4459",0
"4460",0
"4461",0
"4462",0
"4463",0
"4464",0
"4465",0
"4466",0
"4467",0
"4468",0
"4469",0
"4470",0
"4471",0
"4472",0
"4473",0
"4474",0
"4475",0
"4476",0
"4477",0
"4478",0
"4479",0
"4480",0
"4481",0
"4482",0
"4483",1.04417192282233
"4484",0
"4485",0
"4486",0
"4487",0
"4488",0
"4489",0
"4490",2.08834384564466
"4491",0
"4492",0
"4493",0
"4494",0
"4495",0
"4496",0
"4497",0
"4498",0
"4499",0
"4500",0
"4501",0
"4502",0
"4503",0
"4504",0
"4505",0
"4506",0
"4507",0
"4508",0
"4509",0
"4510",0
"4511",0
"4512",7.30920345975631
"4513",0
"4514",0
"4515",0
"4516",0
"4517",0
"4518",0
"4519",0
"4520",0
"4521",0
"4522",0
"4523",0
"4524",0
"4525",0
"4526",0
"4527",0
"4528",0
"4529",0
"4530",0
"4531",0
"4532",0
"4533",0
"4534",0
"4535",0
"4536",0
"4537",0
"4538",0
"4539",0
"4540",0
"4541",0
"4542",0
"4543",0
"4544",0
"4545",0
"4546",0
"4547",0
"4548",0
"4549",0
"4550",0
"4551",0
"4552",0
"4553",0
"4554",0
"4555",0
"4556",0
"4557",2.08834384564466
"4558",0
"4559",0
"4560",0
"4561",0
"4562",0
"4563",0
"4564",0
"4565",0
"4566",0
"4567",0
"4568",0
"4569",0
"4570",0
"4571",0
"4572",0
"4573",0
"4574",0
"4575",0
"4576",0
"4577",0
"4578",0
"4579",0
"4580",0
"4581",0
"4582",0
"4583",0
"4584",0
"4585",0
"4586",0
"4587",0
"4588",0
"4589",0
"4590",0
"4591",0
"4592",0
"4593",0
"4594",0
"4595",0
"4596",0
"4597",0
"4598",0
"4599",0
"4600",0
"4601",0
"4602",0
"4603",0
"4604",0
"4605",0
"4606",0
"4607",0
"4608",0
"4609",0
"4610",0
"4611",0
"4612",0
"4613",0
"4614",0
"4615",0
"4616",0
"4617",0
"4618",0
"4619",0
"4620",0
"4621",0
"4622",0
"4623",0
"4624",0
"4625",0
"4626",0
"4627",0
"4628",0
"4629",0
"4630",0
"4631",0
"4632",0
"4633",0
"4634",0
"4635",0
"4636",0
"4637",0
"4638",0
"4639",0
"4640",0
"4641",0
"4642",0
"4643",0
"4644",0
"4645",0
"4646",0
"4647",0
"4648",0
"4649",0
"4650",0
"4651",0
"4652",0
"4653",0
"4654",0
"4655",0
"4656",0
"4657",0
"4658",0
"4659",0
"4660",0
"4661",0
"4662",0
"4663",0
"4664",0
"4665",0
"4666",0
"4667",0
"4668",0
"4669",0
"4670",0
"4671",0
"4672",0
"4673",0
"4674",0
"4675",0
"4676",0
"4677",0
"4678",0
"4679",0
"4680",0
"4681",0
"4682",0
"4683",0
"4684",1909.79044684204
"4685",1380.39528197112
"4686",1623.68733998872
"4687",1163.20752202408
"4688",2232.43957099414
"4689",1620.55482422026
"4690",2086.25550179902
"4691",612.928918696708
"4692",1447.22228503175
"4693",883.369446707692
"4694",1325.05417006154
"4695",1327.14251390718
"4696",61.6061434465175
"4697",672.446718297581
"4698",725.69948636152
"4699",140.963209581015
"4700",1198.70936740004
"4701",1233.16704085317
"4702",592.045480240261
"4703",626.503153693398
"4704",1311.47993506485
"4705",928.268839389052
"4706",1550.59530539116
"4707",760.157159814657
"4708",974.212403993234
"4709",359.195141450882
"4710",514.776757951409
"4711",892.766994013092
"4712",552.366947173013
"4713",875.016071325113
"4714",296.544826081542
"4715",364.416001064993
"4716",564.897010246881
"4717",207.790212641644
"4718",683.932609448626
"4719",1164.2516939469
"4720",300.721513772831
"4721",1534.93272654883
"4722",1409.63209581015
"4723",448.993926813602
"4724",1234.21121277599
"4725",414.536253360465
"4726",772.687222888525
"4727",1344.89343659516
"4728",810.277412110128
"4729",1243.6087600814
"4730",901.120369395671
"4731",749.715440586433
"4732",1262.4038546922
"4733",486.584116035206
"4734",643.209904458556
"4735",686.020953294271
"4736",552.366947173013
"4737",126.344802661502
"4738",87.7104415170758
"4739",897.987853627204
"4740",584.736276780505
"4741",1332.36337352129
"4742",1384.57196966241
"4743",977.344919761701
"4744",714.213595210474
"4745",896.943681704382
"4746",774.775566734169
"4747",297.588998004364
"4748",486.584116035206
"4749",684.976781371449
"4750",760.157159814657
"4751",471.965709115693
"4752",631.72401330751
"4753",840.558397871976
"4754",398.87367451813
"4755",669.314202529114
"4756",577.427073320749
"4757",750.759612509256
"4758",497.025835263429
"4759",630.679841384688
"4760",15.662578842335
"4761",205.701868795999
"4762",465.700677578759
"4763",537.7485402535
"4764",792.526489422149
"4765",312.207404923877
"4766",296.544826081542
"4767",331.002499534679
"4768",635.900700998799
"4769",831.160850566575
"4770",355.018453759592
"4771",151.404928809238
"4772",855.176804791489
"4773",1023.28848436588
"4774",226.585307252446
"4775",565.941182169703
"4776",833.24919441222
"4777",560.720322555591
"4778",19.8392665336243
"4779",807.144896341661
"4780",592.045480240261
"4781",282.970591084852
"4782",841.602569794798
"4783",93.9754730540097
"4784",323.693296074922
"4785",442.728895276668
"4786",479.27491257545
"4787",694.37432867685
"4788",92.9313011311874
"4789",821.763303261174
"4790",261.042980705583
"4791",728.832002129987
"4792",253.733777245826
"4793",316.384092615166
"4794",205.701868795999
"4795",479.27491257545
"4796",428.110488357155
"4797",485.539944112384
"4798",264.17549647405
"4799",143.051553426659
"4800",587.868792548972
"4801",22.9717823020913
"4802",515.820929874231
"4803",664.093342915002
"4804",218.231931869867
"4805",687.065125217093
"4806",33.4135015303146
"4807",566.985354092525
"4808",37.5901892216039
"4809",757.02464404619
"4810",981.521607452991
"4811",769.554707120058
"4812",821.763303261174
"4813",581.603761012038
"4814",435.419691816912
"4815",831.160850566575
"4816",941.843074385742
"4817",557.587806787124
"4818",934.533870925986
"4819",606.663887159774
"4820",308.030717232587
"4821",773.731394811347
"4822",174.376711111329
"4823",328.914155689034
"4824",179.597570725441
"4825",371.72520452475
"4826",323.693296074922
"4827",568.029526015348
"4828",290.279794544608
"4829",383.211095675795
"4830",950.196449768321
"4831",606.663887159774
"4832",327.869983766212
"4833",129.477318429969
"4834",490.760803726495
"4835",1220.6369777793
"4836",591.001308317439
"4837",0
"4838",231.806166866557
"4839",152.44910073206
"4840",311.163233001054
"4841",591.001308317439
"4842",351.885937991125
"4843",203.613524950354
"4844",0
"4845",152.44910073206
"4846",75.1803784432078
"4847",386.343611444262
"4848",84.5779257486088
"4849",392.608642981196
"4850",304.89820146412
"4851",75.1803784432078
"4852",559.676150632769
"4853",739.27372135821
"4854",704.816047905073
"4855",500.158351031896
"4856",607.708059082596
"4857",841.602569794798
"4858",150.360756886416
"4859",111.726395741989
"4860",432.287176048445
"4861",391.564471058374
"4862",593.089652163084
"4863",553.411119095835
"4864",1127.70567664812
"4865",210.922728410111
"4866",114.858911510456
"4867",450.038098736424
"4868",444.817239122313
"4869",4.17668769128932
"4870",521.041789488343
"4871",327.869983766212
"4872",49.0760803726495
"4873",372.769376447572
"4874",287.147278776141
"4875",112.770567664812
"4876",167.067507651573
"4877",109.638051896345
"4878",169.155851497218
"4879",487.628287958028
"4880",85.6220976714311
"4881",448.993926813602
"4882",370.681032601927
"4883",139.919037658192
"4884",559.676150632769
"4885",284.014763007674
"4886",617.105606387997
"4887",113.814739587634
"4888",483.451600266739
"4889",408.271221823531
"4890",599.354683700018
"4891",981.521607452991
"4892",373.813548370394
"4893",241.203714171958
"4894",240.159542249136
"4895",244.336229940425
"4896",702.727704059428
"4897",24.0159542249136
"4898",1201.8418831685
"4899",222.408619561156
"4900",238.071198403491
"4901",344.576734531369
"4902",217.187759947045
"4903",610.840574851063
"4904",142.007381503837
"4905",185.862602262375
"4906",64.7386592149845
"4907",1212.28360239673
"4908",900.076197472849
"4909",310.119061078232
"4910",708.992735596362
"4911",621.282294079287
"4912",656.784139455246
"4913",592.045480240261
"4914",478.230740652627
"4915",600.39885562284
"4916",341.444218762902
"4917",427.066316434333
"4918",654.695795609601
"4919",257.910464937116
"4920",450.038098736424
"4921",379.034407984506
"4922",57.4294557552282
"4923",338.311702994435
"4924",411.403737591998
"4925",25.0601261477359
"4926",634.856529075977
"4927",113.814739587634
"4928",312.207404923877
"4929",224.496963406801
"4930",127.388974584324
"4931",50.1202522954719
"4932",526.262649102454
"4933",302.809857618476
"4934",109.638051896345
"4935",292.368138390253
"4936",117.991427278923
"4937",67.8711749834515
"4938",524.17430525681
"4939",3.13251576846699
"4940",503.290866800363
"4941",694.37432867685
"4942",62.6503153693398
"4943",148.272413040771
"4944",353.97428183677
"4945",356.062625682415
"4946",402.006190286597
"4947",834.293366335042
"4948",148.272413040771
"4949",167.067507651573
"4950",280.882247239207
"4951",278.793903393562
"4952",22.9717823020913
"4953",49.0760803726495
"4954",183.77425841673
"4955",215.0994161014
"4956",52.2085961411165
"4957",61.6061434465175
"4958",30.2809857618476
"4959",494.937491417785
"4960",734.052861744098
"4961",704.816047905073
"4962",1171.56089740665
"4963",323.693296074922
"4964",83.5337538257864
"4965",699.595188290961
"4966",633.812357153155
"4967",538.792712176323
"4968",269.396356088161
"4969",591.001308317439
"4970",129.477318429969
"4971",359.195141450882
"4972",427.066316434333
"4973",340.40004684008
"4974",405.138706055064
"4975",198.392665336243
"4976",180.641742648263
"4977",441.684723353846
"4978",1119.35230126554
"4979",456.303130273358
"4980",298.633169927187
"4981",470.921537192871
"4982",301.765685695653
"4983",338.311702994435
"4984",290.279794544608
"4985",31.3251576846699
"4986",60.5619715236952
"4987",517.909273719876
"4988",228.67365109809
"4989",213.011072255755
"4990",0
"4991",98.1521607452991
"4992",7.30920345975631
"4993",210.922728410111
"4994",418.712941051755
"4995",554.455291018657
"4996",774.775566734169
"4997",176.465054956974
"4998",29.2368138390252
"4999",39.6785330672486
"5000",124.256458815857
"5001",22.9717823020913
"5002",232.85033878938
"5003",576.382901397926
"5004",217.187759947045
"5005",466.744849501582
"5006",46.9877365270049
"5007",231.806166866557
"5008",231.806166866557
"5009",602.487199468485
"5010",440.640551431023
"5011",1.04417192282233
"5012",63.6944872921622
"5013",185.862602262375
"5014",217.187759947045
"5015",123.212286893035
"5016",82.4895819029641
"5017",181.685914571085
"5018",1310.43576314202
"5019",698.551016368139
"5020",382.166923752973
"5021",806.100724418839
"5022",572.206213706637
"5023",303.854029541298
"5024",498.070007186252
"5025",645.2982483042
"5026",482.407428343917
"5027",833.24919441222
"5028",179.597570725441
"5029",364.416001064993
"5030",461.52398988747
"5031",680.800093680159
"5032",471.965709115693
"5033",311.163233001054
"5034",64.7386592149845
"5035",301.765685695653
"5036",480.319084498272
"5037",499.114179109074
"5038",231.806166866557
"5039",34.4576734531369
"5040",258.954636859938
"5041",76.2245503660301
"5042",0
"5043",121.12394304739
"5044",790.438145576504
"5045",376.946064138861
"5046",34.4576734531369
"5047",450.038098736424
"5048",267.308012242517
"5049",182.730086493908
"5050",0
"5051",471.965709115693
"5052",117.991427278923
"5053",112.770567664812
"5054",383.211095675795
"5055",76.2245503660301
"5056",503.290866800363
"5057",159.758304191817
"5058",52.2085961411165
"5059",123.212286893035
"5060",15.662578842335
"5061",2.08834384564466
"5062",65.7828311378068
"5063",313.251576846699
"5064",143.051553426659
"5065",323.693296074922
"5066",333.090843380323
"5067",120.079771124568
"5068",19.8392665336243
"5069",123.212286893035
"5070",155.581616500527
"5071",11.4858911510456
"5072",1.04417192282233
"5073",36.5460172987816
"5074",182.730086493908
"5075",91.8871292083651
"5076",122.168114970213
"5077",13.5742349966903
"5078",309.07488915541
"5079",142.007381503837
"5080",497.025835263429
"5081",329.958327611856
"5082",276.705559547918
"5083",84.5779257486088
"5084",233.894510712202
"5085",288.191450698963
"5086",268.352184165339
"5087",119.035599201746
"5088",1.04417192282233
"5089",30.2809857618476
"5090",24.0159542249136
"5091",321.604952229278
"5092",230.761994943735
"5093",1003.44921783226
"5094",488.672459880851
"5095",433.331347971267
"5096",105.461364205055
"5097",760.157159814657
"5098",521.041789488343
"5099",43.8552207585379
"5100",499.114179109074
"5101",98.1521607452991
"5102",105.461364205055
"5103",600.39885562284
"5104",82.4895819029641
"5105",465.700677578759
"5106",205.701868795999
"5107",90.8429572855427
"5108",27.1484699933806
"5109",44.8993926813602
"5110",22.9717823020913
"5111",16.7067507651573
"5112",0
"5113",369.636860679105
"5114",102.328848436588
"5115",102.328848436588
"5116",87.7104415170758
"5117",26.1042980705583
"5118",80.4012380573194
"5119",363.371829142171
"5120",581.603761012038
"5121",43.8552207585379
"5122",0
"5123",348.753422222658
"5124",266.263840319694
"5125",360.239313373704
"5126",355.018453759592
"5127",57.4294557552282
"5128",58.4736276780505
"5129",164.979163805928
"5130",620.238122156464
"5131",2.08834384564466
"5132",27.1484699933806
"5133",100.240504590944
"5134",179.597570725441
"5135",1.04417192282233
"5136",6.26503153693398
"5137",30.2809857618476
"5138",27.1484699933806
"5139",19.8392665336243
"5140",28.1926419162029
"5141",36.5460172987816
"5142",153.493272654883
"5143",0
"5144",44.8993926813602
"5145",4.17668769128932
"5146",323.693296074922
"5147",21.9276103792689
"5148",0
"5149",462.568161810292
"5150",0
"5151",45.9435646041825
"5152",0
"5153",466.744849501582
"5154",506.42338256883
"5155",722.566970593053
"5156",519.99761756552
"5157",72.0478626747408
"5158",183.77425841673
"5159",98.1521607452991
"5160",178.553398802619
"5161",206.746040718821
"5162",349.797594145481
"5163",356.062625682415
"5164",128.433146507147
"5165",117.991427278923
"5166",145.139897272304
"5167",61.6061434465175
"5168",179.597570725441
"5169",387.387783367085
"5170",150.360756886416
"5171",124.256458815857
"5172",60.5619715236952
"5173",65.7828311378068
"5174",476.142396806983
"5175",114.858911510456
"5176",0
"5177",175.420883034152
"5178",151.404928809238
"5179",40.7227049900709
"5180",88.7546134398981
"5181",175.420883034152
"5182",74.1362065203855
"5183",491.804975649318
"5184",10.4417192282233
"5185",88.7546134398981
"5186",147.228241117949
"5187",71.0036907519185
"5188",134.698178044081
"5189",247.468745708892
"5190",1.04417192282233
"5191",29.2368138390252
"5192",100.240504590944
"5193",0
"5194",168.111679574395
"5195",1.04417192282233
"5196",117.991427278923
"5197",304.89820146412
"5198",0
"5199",109.638051896345
"5200",9.39754730540097
"5201",58.4736276780505
"5202",235.982854557847
"5203",358.150969528059
"5204",34.4576734531369
"5205",57.4294557552282
"5206",280.882247239207
"5207",86.6662695942534
"5208",2.08834384564466
"5209",124.256458815857
"5210",50.1202522954719
"5211",0
"5212",0
"5213",57.4294557552282
"5214",527.306821025277
"5215",412.447909514821
"5216",171.244195342862
"5217",441.684723353846
"5218",96.0638168996544
"5219",598.310511777195
"5220",128.433146507147
"5221",389.476127212729
"5222",67.8711749834515
"5223",372.769376447572
"5224",5.22085961411165
"5225",187.950946108019
"5226",0
"5227",57.4294557552282
"5228",0
"5229",6.26503153693398
"5230",282.970591084852
"5231",25.0601261477359
"5232",51.1644242182942
"5233",89.7987853627204
"5234",196.304321490598
"5235",31.3251576846699
"5236",17.7509226879796
"5237",84.5779257486088
"5238",46.9877365270049
"5239",191.083461876486
"5240",111.726395741989
"5241",43.8552207585379
"5242",50.1202522954719
"5243",164.979163805928
"5244",156.62578842335
"5245",3.13251576846699
"5246",4.17668769128932
"5247",175.420883034152
"5248",88.7546134398981
"5249",8.35337538257864
"5250",1.04417192282233
"5251",63.6944872921622
"5252",73.0920345975631
"5253",4.17668769128932
"5254",60.5619715236952
"5255",1.04417192282233
"5256",41.7668769128932
"5257",5.22085961411165
"5258",11.4858911510456
"5259",229.717823020913
"5260",6.26503153693398
"5261",24.0159542249136
"5262",38.6343611444262
"5263",123.212286893035
"5264",5.22085961411165
"5265",51.1644242182942
"5266",62.6503153693398
"5267",1.04417192282233
"5268",26.1042980705583
"5269",62.6503153693398
"5270",182.730086493908
"5271",1.04417192282233
"5272",126.344802661502
"5273",35.5018453759592
"5274",40.7227049900709
"5275",101.284676513766
"5276",12.530063073868
"5277",14.6184069195126
"5278",26.1042980705583
"5279",373.813548370394
"5280",140.963209581015
"5281",73.0920345975631
"5282",194.215977644953
"5283",25.0601261477359
"5284",270.440528010984
"5285",179.597570725441
"5286",82.4895819029641
"5287",159.758304191817
"5288",37.5901892216039
"5289",272.528871856628
"5290",159.758304191817
"5291",127.388974584324
"5292",245.380401863248
"5293",102.328848436588
"5294",43.8552207585379
"5295",215.0994161014
"5296",21.9276103792689
"5297",0
"5298",24.0159542249136
"5299",78.3128942116748
"5300",81.4454099801418
"5301",105.461364205055
"5302",26.1042980705583
"5303",11.4858911510456
"5304",0
"5305",3.13251576846699
"5306",13.5742349966903
"5307",109.638051896345
"5308",71.0036907519185
"5309",54.2969399867612
"5310",183.77425841673
"5311",25.0601261477359
"5312",0
"5313",85.6220976714311
"5314",120.079771124568
"5315",52.2085961411165
"5316",91.8871292083651
"5317",42.8110488357155
"5318",32.3693296074922
"5319",2.08834384564466
"5320",24.0159542249136
"5321",57.4294557552282
"5322",22.9717823020913
"5323",17.7509226879796
"5324",15.662578842335
"5325",0
"5326",4.17668769128932
"5327",39.6785330672486
"5328",2.08834384564466
"5329",0
"5330",0
"5331",2.08834384564466
"5332",108.593879973522
"5333",0
"5334",0
"5335",122.168114970213
"5336",124.256458815857
"5337",99.1963326681214
"5338",1.04417192282233
"5339",22.9717823020913
"5340",26.1042980705583
"5341",88.7546134398981
"5342",2.08834384564466
"5343",24.0159542249136
"5344",17.7509226879796
"5345",19.8392665336243
"5346",7.30920345975631
"5347",5.22085961411165
"5348",0
"5349",28.1926419162029
"5350",1.04417192282233
"5351",18.7950946108019
"5352",39.6785330672486
"5353",140.963209581015
"5354",185.862602262375
"5355",145.139897272304
"5356",316.384092615166
"5357",235.982854557847
"5358",207.790212641644
"5359",67.8711749834515
"5360",28.1926419162029
"5361",81.4454099801418
"5362",95.0196449768321
"5363",134.698178044081
"5364",26.1042980705583
"5365",161.846648037461
"5366",251.645433400182
"5367",85.6220976714311
"5368",88.7546134398981
"5369",21.9276103792689
"5370",154.537444577705
"5371",148.272413040771
"5372",13.5742349966903
"5373",46.9877365270049
"5374",25.0601261477359
"5375",87.7104415170758
"5376",62.6503153693398
"5377",68.9153469062738
"5378",87.7104415170758
"5379",57.4294557552282
"5380",2.08834384564466
"5381",21.9276103792689
"5382",1.04417192282233
"5383",152.44910073206
"5384",2.08834384564466
"5385",15.662578842335
"5386",0
"5387",7.30920345975631
"5388",84.5779257486088
"5389",14.6184069195126
"5390",25.0601261477359
"5391",136.786521889725
"5392",0
"5393",19.8392665336243
"5394",2.08834384564466
"5395",11.4858911510456
"5396",0
"5397",43.8552207585379
"5398",66.8270030606292
"5399",17.7509226879796
"5400",0
"5401",2.08834384564466
"5402",2.08834384564466
"5403",28.1926419162029
"5404",1.04417192282233
"5405",3.13251576846699
"5406",44.8993926813602
"5407",63.6944872921622
"5408",66.8270030606292
"5409",2.08834384564466
"5410",11.4858911510456
"5411",14.6184069195126
"5412",0
"5413",7.30920345975631
"5414",32.3693296074922
"5415",1.04417192282233
"5416",18.7950946108019
"5417",9.39754730540097
"5418",3.13251576846699
"5419",4.17668769128932
"5420",0
"5421",0
"5422",7.30920345975631
"5423",0
"5424",2.08834384564466
"5425",59.5177996008728
