"","overall","ps"
"1",1,674.535062143225
"2",2,269.396356088161
"3",3,591.001308317439
"4",4,0
"5",5,91.8871292083651
"6",6,130.521490352791
"7",7,96.0638168996544
"8",8,0
"9",9,489.716631803673
"10",10,28.1926419162029
"11",11,0
"12",12,6.26503153693398
"13",13,778.952254425458
"14",14,184.818430339552
"15",15,542.969399867612
"16",16,0
"17",17,36.5460172987816
"18",18,0
"19",19,3.13251576846699
"20",20,133.654006121258
"21",21,563.852838324058
"22",22,0
"23",23,0
"24",24,819.674959415529
"25",25,6.26503153693398
"26",26,2.08834384564466
"27",27,375.901892216039
"28",28,2.08834384564466
"29",29,0
"30",30,53.2527680639388
"31",31,0
"32",32,0
"33",33,0
"34",34,0
"35",35,689.153469062738
"36",36,6.26503153693398
"37",37,27.1484699933806
"38",38,0
"39",39,0
"40",40,68.9153469062738
"41",41,0
"42",42,0
"43",43,229.717823020913
"44",44,511.644242182942
"45",45,0
"46",46,0
"47",47,76.2245503660301
"48",48,7.30920345975631
"49",49,439.596379508201
"50",50,0
"51",51,0
"52",52,0
"53",53,0
"54",54,0
"55",55,0
"56",56,1619.51065229743
"57",57,0
"58",58,0
"59",59,615.017262542353
"60",60,1.04417192282233
"61",61,0
"62",62,0
"63",63,3.13251576846699
"64",64,0
"65",65,203.613524950354
"66",66,0
"67",67,0
"68",68,0
"69",69,0
"70",70,117.991427278923
"71",71,175.420883034152
"72",72,0
"73",73,0
"74",74,0
"75",75,5.22085961411165
"76",76,0
"77",77,0
"78",78,0
"79",79,444.817239122313
"80",80,0
"81",81,4.17668769128932
"82",82,5.22085961411165
"83",83,0
"84",84,0
"85",85,0
"86",86,0
"87",87,0
"88",88,5.22085961411165
"89",89,537.7485402535
"90",90,0
"91",91,4.17668769128932
"92",92,0
"93",93,0
"94",94,0
"95",95,0
"96",96,301.765685695653
"97",97,0
"98",98,0
"99",99,0
"100",100,8.35337538257864
"101",101,0
"102",102,84.5779257486088
"103",103,0
"104",104,0
"105",105,712.125251364829
"106",106,0
"107",107,0
"108",108,0
"109",109,18.7950946108019
"110",110,0
"111",111,0
"112",112,0
"113",113,0
"114",114,0
"115",115,6.26503153693398
"116",116,0
"117",117,0
"118",118,0
"119",119,40.7227049900709
"120",120,0
"121",121,0
"122",122,0
"123",123,0
"124",124,0
"125",125,0
"126",126,0
"127",127,0
"128",128,0
"129",129,0
"130",130,0
"131",131,0
"132",132,0
"133",133,1.04417192282233
"134",134,0
"135",135,0
"136",136,207.790212641644
"137",137,0
"138",138,0
"139",139,259.99880878276
"140",140,0
"141",141,0
"142",142,0
"143",143,0
"144",144,0
"145",145,0
"146",146,61.6061434465175
"147",147,0
"148",148,0
"149",149,0
"150",150,0
"151",151,0
"152",152,0
"153",153,0
"154",154,331.002499534679
"155",155,0
"156",156,0
"157",157,4.17668769128932
"158",158,0
"159",159,0
"160",160,0
"161",161,0
"162",162,0
"163",163,0
"164",164,0
"165",165,0
"166",166,0
"167",167,32.3693296074922
"168",168,0
"169",169,27.1484699933806
"170",170,0
"171",171,0
"172",172,0
"173",173,0
"174",174,151.404928809238
"175",175,0
"176",176,41.7668769128932
"177",177,0
"178",178,0
"179",179,669.314202529114
"180",180,0
"181",181,0
"182",182,0
"183",183,0
"184",184,0
"185",185,0
"186",186,8.35337538257864
"187",187,0
"188",188,0
"189",189,0
"190",190,63.6944872921622
"191",191,0
"192",192,4.17668769128932
"193",193,27.1484699933806
"194",194,85.6220976714311
"195",195,164.979163805928
"196",196,1.04417192282233
"197",197,0
"198",198,0
"199",199,605.619715236952
"200",200,0
"201",201,0
"202",202,0
"203",203,0
"204",204,908.429572855428
"205",205,0
"206",206,0
"207",207,0
"208",208,0
"209",209,0
"210",210,0
"211",211,0
"212",212,0
"213",213,0
"214",214,0
"215",215,0
"216",216,28.1926419162029
"217",217,0
"218",218,0
"219",219,0
"220",220,0
"221",221,0
"222",222,0
"223",223,19.8392665336243
"224",224,0
"225",1,1703.04440612322
"226",2,1397.10203273628
"227",3,748.671268663611
"228",4,2274.20644790704
"229",5,508.511726414475
"230",6,12.530063073868
"231",7,431.243004125622
"232",8,636.944872921622
"233",9,313.251576846699
"234",10,52.2085961411165
"235",11,43.8552207585379
"236",12,1505.6959127098
"237",13,366.504344910638
"238",14,0
"239",15,0
"240",16,0
"241",17,10.4417192282233
"242",18,9.39754730540097
"243",19,0
"244",20,2.08834384564466
"245",21,89.7987853627204
"246",22,0
"247",23,530.439336793744
"248",24,5.22085961411165
"249",25,693.330156754027
"250",26,0
"251",27,102.328848436588
"252",28,4.17668769128932
"253",29,13.5742349966903
"254",30,0
"255",31,0
"256",32,0
"257",33,0
"258",34,0
"259",35,12.530063073868
"260",36,75.1803784432078
"261",37,0
"262",38,0
"263",39,0
"264",40,0
"265",41,0
"266",42,5.22085961411165
"267",43,0
"268",44,0
"269",45,1.04417192282233
"270",46,0
"271",47,504.335038723186
"272",48,359.195141450882
"273",49,2.08834384564466
"274",50,3.13251576846699
"275",51,0
"276",52,14.6184069195126
"277",53,0
"278",54,0
"279",55,40.7227049900709
"280",56,0
"281",57,0
"282",58,116.947255356101
"283",59,0
"284",60,0
"285",61,0
"286",62,0
"287",63,0
"288",64,0
"289",65,0
"290",66,24.0159542249136
"291",67,0
"292",68,0
"293",69,406.182877977887
"294",70,1.04417192282233
"295",71,89.7987853627204
"296",72,0
"297",73,8.35337538257864
"298",74,0
"299",75,0
"300",76,3.13251576846699
"301",77,0
"302",78,87.7104415170758
"303",79,12.530063073868
"304",80,0
"305",81,0
"306",82,0
"307",83,577.427073320749
"308",84,57.4294557552282
"309",85,0
"310",86,0
"311",87,6.26503153693398
"312",88,71.0036907519185
"313",89,0
"314",90,0
"315",91,0
"316",92,0
"317",93,0
"318",94,0
"319",95,48.0319084498272
"320",96,0
"321",97,0
"322",98,0
"323",99,0
"324",100,0
"325",101,0
"326",102,1.04417192282233
"327",103,0
"328",104,0
"329",105,0
"330",106,1.04417192282233
"331",107,0
"332",108,0
"333",109,0
"334",110,0
"335",111,0
"336",112,0
"337",113,0
"338",114,0
"339",115,0
"340",116,0
"341",117,0
"342",118,0
"343",119,275.661387625095
"344",120,0
"345",121,395.741158749663
"346",122,0
"347",123,0
"348",124,0
"349",125,0
"350",126,0
"351",127,0
"352",128,0
"353",129,0
"354",130,256.866293014293
"355",131,11.4858911510456
"356",132,0
"357",133,0
"358",134,0
"359",135,0
"360",136,288.191450698963
"361",137,0
"362",138,0
"363",139,0
"364",140,0
"365",141,2.08834384564466
"366",142,0
"367",143,0
"368",144,385.29943952144
"369",145,0
"370",146,0
"371",147,0
"372",148,0
"373",149,0
"374",150,0
"375",151,0
"376",152,0
"377",153,7.30920345975631
"378",154,0
"379",155,0
"380",156,936.62221477163
"381",157,0
"382",158,0
"383",159,6.26503153693398
"384",160,0
"385",161,408.271221823531
"386",162,0
"387",163,0
"388",164,49.0760803726495
"389",165,0
"390",166,0
"391",167,0
"392",168,0
"393",169,0
"394",170,0
"395",171,0
"396",172,28.1926419162029
"397",173,0
"398",174,0
"399",175,105.461364205055
"400",176,0
"401",177,356.062625682415
"402",178,0
"403",179,0
"404",180,0
"405",181,0
"406",182,129.477318429969
"407",183,0
"408",184,0
"409",185,0
"410",186,0
"411",187,0
"412",188,0
"413",189,0
"414",190,31.3251576846699
"415",191,151.404928809238
"416",192,2.08834384564466
"417",193,0
"418",194,0
"419",195,0
"420",196,0
"421",197,0
"422",198,0
"423",199,0
"424",200,0
"425",201,0
"426",202,0
"427",203,0
"428",204,0
"429",205,0
"430",206,0
"431",207,0
"432",208,454.214786427714
"433",209,0
"434",210,0
"435",211,0
"436",212,7.30920345975631
"437",213,0
"438",214,0
"439",215,275.661387625095
"440",216,0
"441",217,0
"442",218,0
"443",219,33.4135015303146
"444",220,0
"445",221,16.7067507651573
"446",222,0
"447",223,0
"448",224,1.04417192282233
"449",1,1069.23204897007
"450",2,624.414809847754
"451",3,689.153469062738
"452",4,323.693296074922
"453",5,193.171805722131
"454",6,24.0159542249136
"455",7,217.187759947045
"456",8,161.846648037461
"457",9,67.8711749834515
"458",10,513.732586028587
"459",11,3.13251576846699
"460",12,994.051670526859
"461",13,0
"462",14,5.22085961411165
"463",15,0
"464",16,18.7950946108019
"465",17,469.877365270049
"466",18,334.135015303146
"467",19,546.101915636079
"468",20,3.13251576846699
"469",21,51.1644242182942
"470",22,782.084770193926
"471",23,69.9595188290961
"472",24,190.039289953664
"473",25,148.272413040771
"474",26,243.292058017603
"475",27,722.566970593053
"476",28,29.2368138390252
"477",29,392.608642981196
"478",30,0
"479",31,34.4576734531369
"480",32,1.04417192282233
"481",33,22.9717823020913
"482",34,0
"483",35,3.13251576846699
"484",36,14.6184069195126
"485",37,25.0601261477359
"486",38,34.4576734531369
"487",39,122.168114970213
"488",40,0
"489",41,0
"490",42,0
"491",43,184.818430339552
"492",44,637.989044844444
"493",45,824.895819029641
"494",46,22.9717823020913
"495",47,2.08834384564466
"496",48,82.4895819029641
"497",49,0
"498",50,0
"499",51,0
"500",52,7.30920345975631
"501",53,1.04417192282233
"502",54,0
"503",55,0
"504",56,0
"505",57,0
"506",58,1.04417192282233
"507",59,0
"508",60,112.770567664812
"509",61,67.8711749834515
"510",62,1.04417192282233
"511",63,28.1926419162029
"512",64,968.991544379123
"513",65,0
"514",66,299.677341850009
"515",67,6.26503153693398
"516",68,80.4012380573194
"517",69,0
"518",70,0
"519",71,616.061434465175
"520",72,29.2368138390252
"521",73,0
"522",74,1.04417192282233
"523",75,628.591497539043
"524",76,0
"525",77,0
"526",78,0
"527",79,0
"528",80,0
"529",81,0
"530",82,706.904391750718
"531",83,80.4012380573194
"532",84,0
"533",85,0
"534",86,0
"535",87,346.665078377014
"536",88,0
"537",89,1.04417192282233
"538",90,0
"539",91,166.023335728751
"540",92,0
"541",93,0
"542",94,0
"543",95,0
"544",96,0
"545",97,0
"546",98,51.1644242182942
"547",99,462.568161810292
"548",100,0
"549",101,39.6785330672486
"550",102,0
"551",103,0
"552",104,1.04417192282233
"553",105,76.2245503660301
"554",106,2.08834384564466
"555",107,0
"556",108,69.9595188290961
"557",109,0
"558",110,0
"559",111,0
"560",112,0
"561",113,0
"562",114,0
"563",115,16.7067507651573
"564",116,0
"565",117,723.611142515875
"566",118,0
"567",119,0
"568",120,0
"569",121,0
"570",122,4.17668769128932
"571",123,32.3693296074922
"572",124,0
"573",125,0
"574",126,0
"575",127,0
"576",128,0
"577",129,12.530063073868
"578",130,0
"579",131,12.530063073868
"580",132,0
"581",133,0
"582",134,319.516608383633
"583",135,403.05036220942
"584",136,0
"585",137,0
"586",138,0
"587",139,0
"588",140,0
"589",141,0
"590",142,0
"591",143,0
"592",144,0
"593",145,372.769376447572
"594",146,0
"595",147,0
"596",148,0
"597",149,0
"598",150,228.67365109809
"599",151,0
"600",152,0
"601",153,1.04417192282233
"602",154,17.7509226879796
"603",155,0
"604",156,187.950946108019
"605",157,0
"606",158,0
"607",159,0
"608",160,10.4417192282233
"609",161,185.862602262375
"610",162,1085.93879973522
"611",163,8.35337538257864
"612",164,291.32396646743
"613",165,0
"614",166,0
"615",167,0
"616",168,376.946064138861
"617",169,0
"618",170,0
"619",171,1161.11917817843
"620",172,0
"621",173,74.1362065203855
"622",174,0
"623",175,0
"624",176,0
"625",177,0
"626",178,0
"627",179,0
"628",180,0
"629",181,0
"630",182,4.17668769128932
"631",183,224.496963406801
"632",184,0
"633",185,0
"634",186,14.6184069195126
"635",187,0
"636",188,0
"637",189,0
"638",190,0
"639",191,3.13251576846699
"640",192,0
"641",193,4.17668769128932
"642",194,0
"643",195,1.04417192282233
"644",196,0
"645",197,0
"646",198,0
"647",199,0
"648",200,0
"649",201,0
"650",202,0
"651",203,0
"652",204,0
"653",205,0
"654",206,11.4858911510456
"655",207,0
"656",208,21.9276103792689
"657",209,0
"658",210,0
"659",211,0
"660",212,33.4135015303146
"661",213,0
"662",214,0
"663",215,0
"664",216,597.266339854373
"665",217,0
"666",218,0
"667",219,0
"668",220,0
"669",221,0
"670",222,0
"671",223,0
"672",224,0
"673",1,143.051553426659
"674",2,1285.37563699429
"675",3,1133.97070818505
"676",4,24.0159542249136
"677",5,383.211095675795
"678",6,0
"679",7,42.8110488357155
"680",8,258.954636859938
"681",9,68.9153469062738
"682",10,57.4294557552282
"683",11,134.698178044081
"684",12,22.9717823020913
"685",13,11.4858911510456
"686",14,69.9595188290961
"687",15,0
"688",16,223.452791483979
"689",17,489.716631803673
"690",18,0
"691",19,0
"692",20,0
"693",21,313.251576846699
"694",22,20.8834384564466
"695",23,92.9313011311874
"696",24,0
"697",25,0
"698",26,737.185377512565
"699",27,0
"700",28,9.39754730540097
"701",29,0
"702",30,0
"703",31,1.04417192282233
"704",32,0
"705",33,0
"706",34,0
"707",35,13.5742349966903
"708",36,76.2245503660301
"709",37,22.9717823020913
"710",38,0
"711",39,0
"712",40,373.813548370394
"713",41,11.4858911510456
"714",42,211.966900332933
"715",43,0
"716",44,454.214786427714
"717",45,2.08834384564466
"718",46,0
"719",47,9.39754730540097
"720",48,2.08834384564466
"721",49,0
"722",50,0
"723",51,0
"724",52,55.3411119095835
"725",53,0
"726",54,61.6061434465175
"727",55,32.3693296074922
"728",56,0
"729",57,0
"730",58,61.6061434465175
"731",59,0
"732",60,0
"733",61,0
"734",62,0
"735",63,0
"736",64,14.6184069195126
"737",65,3.13251576846699
"738",66,1.04417192282233
"739",67,0
"740",68,1.04417192282233
"741",69,0
"742",70,289.235622621786
"743",71,0
"744",72,0
"745",73,0
"746",74,0
"747",75,0
"748",76,315.339920692344
"749",77,1363.68853120596
"750",78,48.0319084498272
"751",79,0
"752",80,0
"753",81,0
"754",82,0
"755",83,343.532562608547
"756",84,3.13251576846699
"757",85,6.26503153693398
"758",86,123.212286893035
"759",87,0
"760",88,1.04417192282233
"761",89,6.26503153693398
"762",90,0
"763",91,397.829502595308
"764",92,0
"765",93,81.4454099801418
"766",94,251.645433400182
"767",95,0
"768",96,10.4417192282233
"769",97,0
"770",98,0
"771",99,6.26503153693398
"772",100,0
"773",101,88.7546134398981
"774",102,0
"775",103,0
"776",104,8.35337538257864
"777",105,0
"778",106,0
"779",107,0
"780",108,0
"781",109,0
"782",110,0
"783",111,0
"784",112,0
"785",113,0
"786",114,0
"787",115,375.901892216039
"788",116,0
"789",117,0
"790",118,0
"791",119,0
"792",120,0
"793",121,0
"794",122,0
"795",123,0
"796",124,0
"797",125,0
"798",126,0
"799",127,2.08834384564466
"800",128,79.3570661344971
"801",129,0
"802",130,7.30920345975631
"803",131,0
"804",132,0
"805",133,0
"806",134,0
"807",135,0
"808",136,0
"809",137,0
"810",138,1584.00880692148
"811",139,0
"812",140,0
"813",141,0
"814",142,0
"815",143,0
"816",144,0
"817",145,0
"818",146,0
"819",147,0
"820",148,0
"821",149,0
"822",150,0
"823",151,0
"824",152,0
"825",153,0
"826",154,0
"827",155,58.4736276780505
"828",156,0
"829",157,0
"830",158,0
"831",159,0
"832",160,0
"833",161,0
"834",162,0
"835",163,1.04417192282233
"836",164,79.3570661344971
"837",165,151.404928809238
"838",166,0
"839",167,0
"840",168,0
"841",169,0
"842",170,1.04417192282233
"843",171,0
"844",172,0
"845",173,0
"846",174,3.13251576846699
"847",175,0
"848",176,0
"849",177,0
"850",178,0
"851",179,0
"852",180,0
"853",181,0
"854",182,0
"855",183,0
"856",184,0
"857",185,0
"858",186,0
"859",187,0
"860",188,0
"861",189,0
"862",190,0
"863",191,549.234431404546
"864",192,0
"865",193,0
"866",194,0
"867",195,0
"868",196,0
"869",197,0
"870",198,0
"871",199,0
"872",200,0
"873",201,0
"874",202,0
"875",203,0
"876",204,77.2687222888525
"877",205,0
"878",206,0
"879",207,0
"880",208,0
"881",209,0
"882",210,1141.27991164481
"883",211,0
"884",212,721.52279867023
"885",213,8.35337538257864
"886",214,0
"887",215,0
"888",216,0
"889",217,87.7104415170758
"890",218,0
"891",219,0
"892",220,0
"893",221,0
"894",222,4.17668769128932
"895",223,0
"896",224,0
"897",1,514.776757951409
"898",2,994.051670526859
"899",3,1128.74984857094
"900",4,360.239313373704
"901",5,296.544826081542
"902",6,849.955945177377
"903",7,0
"904",8,25.0601261477359
"905",9,0
"906",10,0
"907",11,21.9276103792689
"908",12,3.13251576846699
"909",13,628.591497539043
"910",14,14.6184069195126
"911",15,0
"912",16,44.8993926813602
"913",17,0
"914",18,457.347302196181
"915",19,37.5901892216039
"916",20,456.303130273358
"917",21,355.018453759592
"918",22,103.373020359411
"919",23,0
"920",24,561.764494478414
"921",25,204.657696873177
"922",26,34.4576734531369
"923",27,0
"924",28,929.313011311874
"925",29,775.819738656991
"926",30,32.3693296074922
"927",31,0
"928",32,6.26503153693398
"929",33,503.290866800363
"930",34,0
"931",35,38.6343611444262
"932",36,0
"933",37,87.7104415170758
"934",38,116.947255356101
"935",39,0
"936",40,291.32396646743
"937",41,0
"938",42,0
"939",43,76.2245503660301
"940",44,848.911773254555
"941",45,0
"942",46,356.062625682415
"943",47,3.13251576846699
"944",48,0
"945",49,2.08834384564466
"946",50,0
"947",51,0
"948",52,0
"949",53,0
"950",54,246.42457378607
"951",55,491.804975649318
"952",56,0
"953",57,0
"954",58,0
"955",59,15.662578842335
"956",60,314.295748769521
"957",61,0
"958",62,753.892128277723
"959",63,0
"960",64,1.04417192282233
"961",65,0
"962",66,0
"963",67,0
"964",68,4.17668769128932
"965",69,0
"966",70,159.758304191817
"967",71,0
"968",72,0
"969",73,0
"970",74,17.7509226879796
"971",75,22.9717823020913
"972",76,67.8711749834515
"973",77,0
"974",78,3.13251576846699
"975",79,0
"976",80,18.7950946108019
"977",81,13.5742349966903
"978",82,0
"979",83,0
"980",84,0
"981",85,29.2368138390252
"982",86,4.17668769128932
"983",87,0
"984",88,105.461364205055
"985",89,0
"986",90,0
"987",91,0
"988",92,0
"989",93,0
"990",94,0
"991",95,200.481009181887
"992",96,0
"993",97,169.155851497218
"994",98,0
"995",99,0
"996",100,0
"997",101,0
"998",102,0
"999",103,0
"1000",104,0
"1001",105,0
"1002",106,0
"1003",107,0
"1004",108,0
"1005",109,0
"1006",110,0
"1007",111,0
"1008",112,0
"1009",113,0
"1010",114,0
"1011",115,0
"1012",116,0
"1013",117,2.08834384564466
"1014",118,908.429572855428
"1015",119,1.04417192282233
"1016",120,0
"1017",121,0
"1018",122,0
"1019",123,0
"1020",124,131.565662275614
"1021",125,0
"1022",126,0
"1023",127,0
"1024",128,0
"1025",129,0
"1026",130,0
"1027",131,54.2969399867612
"1028",132,10.4417192282233
"1029",133,73.0920345975631
"1030",134,0
"1031",135,8.35337538257864
"1032",136,0
"1033",137,0
"1034",138,0
"1035",139,0
"1036",140,0
"1037",141,0
"1038",142,0
"1039",143,0
"1040",144,0
"1041",145,0
"1042",146,0
"1043",147,0
"1044",148,0
"1045",149,0
"1046",150,0
"1047",151,0
"1048",152,0
"1049",153,0
"1050",154,0
"1051",155,18.7950946108019
"1052",156,188.995118030842
"1053",157,0
"1054",158,0
"1055",159,637.989044844444
"1056",160,0
"1057",161,0
"1058",162,0
"1059",163,0
"1060",164,0
"1061",165,0
"1062",166,11.4858911510456
"1063",167,2.08834384564466
"1064",168,0
"1065",169,0
"1066",170,6.26503153693398
"1067",171,397.829502595308
"1068",172,0
"1069",173,0
"1070",174,31.3251576846699
"1071",175,0
"1072",176,3.13251576846699
"1073",177,0
"1074",178,0
"1075",179,0
"1076",180,0
"1077",181,0
"1078",182,0
"1079",183,0
"1080",184,0
"1081",185,0
"1082",186,0
"1083",187,0
"1084",188,0
"1085",189,0
"1086",190,2.08834384564466
"1087",191,0
"1088",192,0
"1089",193,0
"1090",194,269.396356088161
"1091",195,0
"1092",196,0
"1093",197,0
"1094",198,0
"1095",199,0
"1096",200,0
"1097",201,0
"1098",202,0
"1099",203,0
"1100",204,0
"1101",205,1809.5499422511
"1102",206,0
"1103",207,0
"1104",208,8.35337538257864
"1105",209,0
"1106",210,0
"1107",211,0
"1108",212,0
"1109",213,0
"1110",214,9.39754730540097
"1111",215,251.645433400182
"1112",216,0
"1113",217,0
"1114",218,0
"1115",219,0
"1116",220,167.067507651573
"1117",221,0
"1118",222,0
"1119",223,0
"1120",224,219.276103792689
"1121",1,1079.67376819829
"1122",2,1143.36825549045
"1123",3,11.4858911510456
"1124",4,417.668769128932
"1125",5,45.9435646041825
"1126",6,734.052861744098
"1127",7,183.77425841673
"1128",8,275.661387625095
"1129",9,333.090843380323
"1130",10,83.5337538257864
"1131",11,43.8552207585379
"1132",12,777.908082502636
"1133",13,570.117869860992
"1134",14,205.701868795999
"1135",15,0
"1136",16,380.078579907328
"1137",17,296.544826081542
"1138",18,0
"1139",19,170.20002342004
"1140",20,137.830693812548
"1141",21,191.083461876486
"1142",22,19.8392665336243
"1143",23,278.793903393562
"1144",24,129.477318429969
"1145",25,33.4135015303146
"1146",26,55.3411119095835
"1147",27,123.212286893035
"1148",28,0
"1149",29,18.7950946108019
"1150",30,14.6184069195126
"1151",31,0
"1152",32,556.543634864302
"1153",33,4.17668769128932
"1154",34,0
"1155",35,12.530063073868
"1156",36,6.26503153693398
"1157",37,0
"1158",38,14.6184069195126
"1159",39,52.2085961411165
"1160",40,513.732586028587
"1161",41,0
"1162",42,0
"1163",43,0
"1164",44,0
"1165",45,0
"1166",46,14.6184069195126
"1167",47,0
"1168",48,0
"1169",49,754.936300200545
"1170",50,55.3411119095835
"1171",51,29.2368138390252
"1172",52,0
"1173",53,0
"1174",54,16.7067507651573
"1175",55,830.116678643753
"1176",56,0
"1177",57,105.461364205055
"1178",58,73.0920345975631
"1179",59,0
"1180",60,0
"1181",61,0
"1182",62,0
"1183",63,528.350992948099
"1184",64,8.35337538257864
"1185",65,40.7227049900709
"1186",66,0
"1187",67,0
"1188",68,0
"1189",69,0
"1190",70,0
"1191",71,671.402546374758
"1192",72,0
"1193",73,1363.68853120596
"1194",74,0
"1195",75,0
"1196",76,0
"1197",77,0
"1198",78,0
"1199",79,0
"1200",80,28.1926419162029
"1201",81,0
"1202",82,154.537444577705
"1203",83,0
"1204",84,0
"1205",85,138.87486573537
"1206",86,2.08834384564466
"1207",87,0
"1208",88,0
"1209",89,0
"1210",90,0
"1211",91,0
"1212",92,0
"1213",93,41.7668769128932
"1214",94,35.5018453759592
"1215",95,742.406237126677
"1216",96,0
"1217",97,0
"1218",98,102.328848436588
"1219",99,441.684723353846
"1220",100,0
"1221",101,0
"1222",102,0
"1223",103,6.26503153693398
"1224",104,0
"1225",105,0
"1226",106,706.904391750718
"1227",107,0
"1228",108,0
"1229",109,2.08834384564466
"1230",110,6.26503153693398
"1231",111,0
"1232",112,0
"1233",113,0
"1234",114,0
"1235",115,0
"1236",116,8.35337538257864
"1237",117,0
"1238",118,0
"1239",119,0
"1240",120,54.2969399867612
"1241",121,6.26503153693398
"1242",122,0
"1243",123,0
"1244",124,0
"1245",125,0
"1246",126,0
"1247",127,134.698178044081
"1248",128,0
"1249",129,0
"1250",130,0
"1251",131,0
"1252",132,0
"1253",133,172.288367265685
"1254",134,232.85033878938
"1255",135,11.4858911510456
"1256",136,0
"1257",137,13.5742349966903
"1258",138,0
"1259",139,0
"1260",140,10.4417192282233
"1261",141,1.04417192282233
"1262",142,0
"1263",143,0
"1264",144,18.7950946108019
"1265",145,0
"1266",146,0
"1267",147,0
"1268",148,0
"1269",149,0
"1270",150,0
"1271",151,577.427073320749
"1272",152,0
"1273",153,0
"1274",154,0
"1275",155,0
"1276",156,0
"1277",157,0
"1278",158,0
"1279",159,0
"1280",160,0
"1281",161,1220.6369777793
"1282",162,0
"1283",163,2.08834384564466
"1284",164,0
"1285",165,0
"1286",166,10.4417192282233
"1287",167,0
"1288",168,7.30920345975631
"1289",169,0
"1290",170,0
"1291",171,0
"1292",172,512.688414105764
"1293",173,0
"1294",174,0
"1295",175,335.179187225968
"1296",176,738.229549435388
"1297",177,0
"1298",178,0
"1299",179,139.919037658192
"1300",180,0
"1301",181,0
"1302",182,2.08834384564466
"1303",183,0
"1304",184,0
"1305",185,0
"1306",186,0
"1307",187,0
"1308",188,0
"1309",189,199.436837259065
"1310",190,0
"1311",191,0
"1312",192,597.266339854373
"1313",193,290.279794544608
"1314",194,0
"1315",195,0
"1316",196,1.04417192282233
"1317",197,0
"1318",198,0
"1319",199,0
"1320",200,0
"1321",201,0
"1322",202,0
"1323",203,0
"1324",204,0
"1325",205,0
"1326",206,0
"1327",207,0
"1328",208,0
"1329",209,0
"1330",210,0
"1331",211,0
"1332",212,25.0601261477359
"1333",213,0
"1334",214,503.290866800363
"1335",215,0
"1336",216,0
"1337",217,0
"1338",218,0
"1339",219,0
"1340",220,155.581616500527
"1341",221,467.789021424404
"1342",222,0
"1343",223,69.9595188290961
"1344",224,2.08834384564466
"1345",1,1071.32039281571
"1346",2,1211.2394304739
"1347",3,866.662695942534
"1348",4,494.937491417785
"1349",5,410.359565669176
"1350",6,306.986545309765
"1351",7,475.09822488416
"1352",8,375.901892216039
"1353",9,0
"1354",10,58.4736276780505
"1355",11,344.576734531369
"1356",12,167.067507651573
"1357",13,683.932609448626
"1358",14,341.444218762902
"1359",15,0
"1360",16,2.08834384564466
"1361",17,54.2969399867612
"1362",18,139.919037658192
"1363",19,0
"1364",20,162.890819960284
"1365",21,220.320275715512
"1366",22,173.332539188507
"1367",23,72.0478626747408
"1368",24,675.579234066048
"1369",25,1188.26764817181
"1370",26,0
"1371",27,0
"1372",28,0
"1373",29,74.1362065203855
"1374",30,96.0638168996544
"1375",31,98.1521607452991
"1376",32,0
"1377",33,0
"1378",34,8.35337538257864
"1379",35,0
"1380",36,356.062625682415
"1381",37,32.3693296074922
"1382",38,285.058934930496
"1383",39,0
"1384",40,0
"1385",41,25.0601261477359
"1386",42,0
"1387",43,650.519107918312
"1388",44,253.733777245826
"1389",45,0
"1390",46,25.0601261477359
"1391",47,1.04417192282233
"1392",48,0
"1393",49,0
"1394",50,0
"1395",51,0
"1396",52,0
"1397",53,0
"1398",54,1221.68114970213
"1399",55,0
"1400",56,0
"1401",57,350.841766068303
"1402",58,498.070007186252
"1403",59,0
"1404",60,0
"1405",61,511.644242182942
"1406",62,0
"1407",63,335.179187225968
"1408",64,0
"1409",65,40.7227049900709
"1410",66,1.04417192282233
"1411",67,83.5337538257864
"1412",68,4.17668769128932
"1413",69,153.493272654883
"1414",70,17.7509226879796
"1415",71,0
"1416",72,0
"1417",73,7.30920345975631
"1418",74,0
"1419",75,0
"1420",76,0
"1421",77,0
"1422",78,0
"1423",79,0
"1424",80,7.30920345975631
"1425",81,0
"1426",82,0
"1427",83,0
"1428",84,0
"1429",85,0
"1430",86,0
"1431",87,452.126442582069
"1432",88,0
"1433",89,0
"1434",90,251.645433400182
"1435",91,0
"1436",92,0
"1437",93,0
"1438",94,0
"1439",95,498.070007186252
"1440",96,0
"1441",97,0
"1442",98,0
"1443",99,0
"1444",100,0
"1445",101,0
"1446",102,21.9276103792689
"1447",103,0
"1448",104,54.2969399867612
"1449",105,0
"1450",106,0
"1451",107,0
"1452",108,0
"1453",109,0
"1454",110,0
"1455",111,0
"1456",112,0
"1457",113,0
"1458",114,0
"1459",115,0
"1460",116,45.9435646041825
"1461",117,0
"1462",118,0
"1463",119,0
"1464",120,0
"1465",121,0
"1466",122,0
"1467",124,0
"1468",125,0
"1469",126,0
"1470",127,69.9595188290961
"1471",128,5.22085961411165
"1472",129,417.668769128932
"1473",130,0
"1474",131,0
"1475",132,0
"1476",133,54.2969399867612
"1477",134,0
"1478",135,0
"1479",136,0
"1480",137,1.04417192282233
"1481",138,0
"1482",139,5.22085961411165
"1483",140,0
"1484",141,0
"1485",142,0
"1486",143,0
"1487",144,0
"1488",145,0
"1489",146,0
"1490",147,0
"1491",148,0
"1492",149,0
"1493",150,0
"1494",151,0
"1495",152,0
"1496",153,0
"1497",154,0
"1498",155,0
"1499",156,467.789021424404
"1500",157,0
"1501",158,0
"1502",159,0
"1503",160,0
"1504",161,0
"1505",162,0
"1506",163,0
"1507",164,2.08834384564466
"1508",165,0
"1509",166,0
"1510",167,0
"1511",168,0
"1512",169,0
"1513",170,0
"1514",171,0
"1515",172,36.5460172987816
"1516",173,0
"1517",174,0
"1518",175,10.4417192282233
"1519",176,367.54851683346
"1520",177,0
"1521",178,0
"1522",179,0
"1523",180,0
"1524",181,1.04417192282233
"1525",182,0
"1526",183,202.569353027532
"1527",184,19.8392665336243
"1528",185,0
"1529",186,0
"1530",187,0
"1531",188,0
"1532",189,0
"1533",190,0
"1534",191,367.54851683346
"1535",192,0
"1536",193,0
"1537",194,0
"1538",195,0
"1539",196,0
"1540",197,0
"1541",198,25.0601261477359
"1542",199,11.4858911510456
"1543",200,0
"1544",201,0
"1545",202,0
"1546",203,0
"1547",204,0
"1548",205,0
"1549",206,13.5742349966903
"1550",207,0
"1551",208,2.08834384564466
"1552",209,0
"1553",210,0
"1554",211,0
"1555",212,0
"1556",213,131.565662275614
"1557",214,0
"1558",215,0
"1559",216,0
"1560",217,1.04417192282233
"1561",218,0
"1562",219,0
"1563",220,0
"1564",221,0
"1565",222,0
"1566",223,0
"1567",224,0
"1568",2,1202.88605509132
"1569",3,516.865101797054
"1570",4,282.970591084852
"1571",5,1001.36087398661
"1572",6,509.555898337297
"1573",8,498.070007186252
"1574",9,904.252885164138
"1575",10,269.396356088161
"1576",11,1056.7019858962
"1577",12,0
"1578",13,760.157159814657
"1579",14,924.092151697762
"1580",15,99.1963326681214
"1581",16,225.541135329623
"1582",17,1129.79402049376
"1583",18,249.557089554537
"1584",19,1112.04309780578
"1585",21,261.042980705583
"1586",22,41.7668769128932
"1587",23,617.105606387997
"1588",24,524.17430525681
"1589",25,59.5177996008728
"1590",26,232.85033878938
"1591",27,40.7227049900709
"1592",29,266.263840319694
"1593",30,5.22085961411165
"1594",31,0
"1595",32,2.08834384564466
"1596",33,668.270030606291
"1597",34,0
"1598",35,0
"1599",36,0
"1600",37,348.753422222658
"1601",38,32.3693296074922
"1602",39,0
"1603",40,0
"1604",41,5.22085961411165
"1605",42,0
"1606",43,0
"1607",44,3.13251576846699
"1608",45,1310.43576314202
"1609",46,63.6944872921622
"1610",47,565.941182169703
"1611",48,0
"1612",49,1241.52041623575
"1613",50,2.08834384564466
"1614",51,35.5018453759592
"1615",52,939.754730540097
"1616",53,0
"1617",54,25.0601261477359
"1618",55,0
"1619",56,120.079771124568
"1620",57,0
"1621",58,0
"1622",59,0
"1623",60,0
"1624",61,77.2687222888525
"1625",62,672.446718297581
"1626",63,6.26503153693398
"1627",64,943.931418231387
"1628",65,0
"1629",66,0
"1630",67,0
"1631",68,0
"1632",69,19.8392665336243
"1633",70,0
"1634",71,0
"1635",72,0
"1636",73,79.3570661344971
"1637",74,337.267531071613
"1638",75,0
"1639",76,0
"1640",77,0
"1641",78,0
"1642",79,87.7104415170758
"1643",80,0
"1644",81,11.4858911510456
"1645",82,0
"1646",83,0
"1647",84,0
"1648",85,125.30063073868
"1649",86,0
"1650",87,41.7668769128932
"1651",88,0
"1652",89,0
"1653",90,0
"1654",91,0
"1655",92,64.7386592149845
"1656",93,0
"1657",94,20.8834384564466
"1658",95,0
"1659",96,0
"1660",97,0
"1661",98,0
"1662",99,0
"1663",100,0
"1664",101,0
"1665",102,0
"1666",103,0
"1667",104,3.13251576846699
"1668",105,2.08834384564466
"1669",106,311.163233001054
"1670",107,14.6184069195126
"1671",108,0
"1672",109,0
"1673",110,0
"1674",111,0
"1675",112,0
"1676",113,0
"1677",114,0
"1678",115,0
"1679",116,0
"1680",117,0
"1681",118,0
"1682",119,0
"1683",120,0
"1684",121,16.7067507651573
"1685",122,61.6061434465175
"1686",123,0
"1687",124,0
"1688",125,0
"1689",126,0
"1690",127,0
"1691",128,0
"1692",129,0
"1693",130,0
"1694",131,0
"1695",132,357.106797605237
"1696",133,0
"1697",134,0
"1698",135,0
"1699",136,0
"1700",137,0
"1701",138,0
"1702",139,0
"1703",140,0
"1704",141,0
"1705",142,0
"1706",143,0
"1707",144,0
"1708",145,6.26503153693398
"1709",146,0
"1710",147,0
"1711",148,495.981663340607
"1712",149,89.7987853627204
"1713",150,0
"1714",151,59.5177996008728
"1715",152,1.04417192282233
"1716",153,0
"1717",154,0
"1718",155,0
"1719",156,0
"1720",157,0
"1721",158,125.30063073868
"1722",159,0
"1723",160,0
"1724",161,0
"1725",162,0
"1726",163,201.52518110471
"1727",164,0
"1728",165,0
"1729",166,0
"1730",167,0
"1731",168,321.604952229278
"1732",169,0
"1733",170,0
"1734",171,0
"1735",172,0
"1736",173,0
"1737",174,0
"1738",175,0
"1739",176,0
"1740",177,0
"1741",178,0
"1742",179,0
"1743",180,1.04417192282233
"1744",181,0
"1745",182,119.035599201746
"1746",183,32.3693296074922
"1747",184,0
"1748",185,0
"1749",186,65.7828311378068
"1750",187,0
"1751",188,12.530063073868
"1752",189,0
"1753",190,0
"1754",191,0
"1755",192,0
"1756",193,0
"1757",194,0
"1758",195,0
"1759",196,0
"1760",197,0
"1761",198,0
"1762",199,10.4417192282233
"1763",200,0
"1764",201,0
"1765",202,73.0920345975631
"1766",203,0
"1767",204,0
"1768",205,1358.46767159185
"1769",206,0
"1770",207,0
"1771",208,0
"1772",209,28.1926419162029
"1773",210,0
"1774",211,9.39754730540097
"1775",212,0
"1776",213,0
"1777",214,242.247886094781
"1778",215,17.7509226879796
"1779",216,0
"1780",217,0
"1781",218,0
"1782",219,0
"1783",220,15.662578842335
"1784",221,0
"1785",222,0
"1786",223,0
"1787",224,1.04417192282233
"1788",3,157.669960346172
"1789",4,619.193950233642
"1790",5,1044.17192282233
"1791",6,247.468745708892
"1792",7,102.328848436588
"1793",8,0
"1794",9,157.669960346172
"1795",10,2.08834384564466
"1796",11,0
"1797",12,0
"1798",13,455.258958350536
"1799",14,979.433263607346
"1800",15,436.463863739734
"1801",16,16.7067507651573
"1802",17,0
"1803",18,44.8993926813602
"1804",19,154.537444577705
"1805",20,547.146087558901
"1806",21,279.838075316385
"1807",22,3.13251576846699
"1808",23,435.419691816912
"1809",24,0
"1810",25,44.8993926813602
"1811",26,782.084770193926
"1812",27,208.834384564466
"1813",28,106.505536127878
"1814",29,885.457790553336
"1815",30,0
"1816",31,0
"1817",32,211.966900332933
"1818",33,0
"1819",34,0
"1820",35,0
"1821",36,0
"1822",37,0
"1823",38,110.682223819167
"1824",39,0
"1825",40,0
"1826",41,146.184069195126
"1827",42,0
"1828",43,1.04417192282233
"1829",44,0
"1830",45,0
"1831",46,0
"1832",47,265.219668396872
"1833",48,0
"1834",49,281.926419162029
"1835",50,27.1484699933806
"1836",51,0
"1837",52,0
"1838",53,255.822121091471
"1839",54,0
"1840",55,12.530063073868
"1841",56,209.878556487288
"1842",57,0
"1843",58,0
"1844",59,0
"1845",60,446.905582967957
"1846",61,892.766994013092
"1847",62,0
"1848",63,877.104415170758
"1849",64,0
"1850",65,0
"1851",66,92.9313011311874
"1852",67,32.3693296074922
"1853",68,0
"1854",69,3.13251576846699
"1855",70,89.7987853627204
"1856",71,542.969399867612
"1857",72,0
"1858",73,0
"1859",74,0
"1860",75,32.3693296074922
"1861",76,0
"1862",77,0
"1863",78,6.26503153693398
"1864",79,139.919037658192
"1865",80,0
"1866",81,0
"1867",82,0
"1868",83,0
"1869",84,190.039289953664
"1870",85,0
"1871",86,0
"1872",87,51.1644242182942
"1873",88,0
"1874",89,18.7950946108019
"1875",90,0
"1876",91,828.028334798108
"1877",92,0
"1878",93,9.39754730540097
"1879",94,618.14977831082
"1880",95,0
"1881",96,0
"1882",97,478.230740652627
"1883",98,51.1644242182942
"1884",99,221.364447638334
"1885",100,5.22085961411165
"1886",101,0
"1887",102,85.6220976714311
"1888",103,0
"1889",104,0
"1890",105,0
"1891",106,0
"1892",107,0
"1893",108,0
"1894",109,37.5901892216039
"1895",110,0
"1896",111,97.1079888224767
"1897",112,2.08834384564466
"1898",113,0
"1899",114,7.30920345975631
"1900",115,0
"1901",116,0
"1902",117,0
"1903",118,0
"1904",119,29.2368138390252
"1905",120,0
"1906",121,0
"1907",122,0
"1908",123,0
"1909",124,4.17668769128932
"1910",125,0
"1911",126,104.417192282233
"1912",127,431.243004125622
"1913",128,0
"1914",129,0
"1915",130,0
"1916",131,0
"1917",132,0
"1918",133,0
"1919",134,395.741158749663
"1920",135,0
"1921",136,150.360756886416
"1922",137,0
"1923",138,0
"1924",139,0
"1925",140,20.8834384564466
"1926",141,0
"1927",142,0
"1928",143,0
"1929",144,0
"1930",145,0
"1931",146,0
"1932",147,5.22085961411165
"1933",148,3.13251576846699
"1934",149,0
"1935",150,320.560780306455
"1936",151,0
"1937",152,0
"1938",153,0
"1939",154,0
"1940",155,0
"1941",156,0
"1942",157,0
"1943",158,0
"1944",159,0
"1945",160,0
"1946",161,0
"1947",162,0
"1948",163,0
"1949",164,0
"1950",165,0
"1951",166,0
"1952",167,0
"1953",168,0
"1954",169,0
"1955",170,0
"1956",171,0
"1957",172,0
"1958",173,116.947255356101
"1959",174,43.8552207585379
"1960",175,0
"1961",176,19.8392665336243
"1962",177,0
"1963",178,123.212286893035
"1964",179,0
"1965",180,357.106797605237
"1966",181,0
"1967",182,0
"1968",183,0
"1969",184,0
"1970",185,0
"1971",186,0
"1972",187,5.22085961411165
"1973",188,0
"1974",189,0
"1975",190,6.26503153693398
"1976",191,239.115370326314
"1977",192,0
"1978",193,0
"1979",194,0
"1980",195,0
"1981",196,4.17668769128932
"1982",197,0
"1983",198,0
"1984",199,0
"1985",200,0
"1986",201,0
"1987",202,0
"1988",203,0
"1989",204,0
"1990",205,0
"1991",206,467.789021424404
"1992",207,7.30920345975631
"1993",208,0
"1994",209,0
"1995",210,0
"1996",211,0
"1997",212,0
"1998",213,0
"1999",214,363.371829142171
"2000",215,0
"2001",216,0
"2002",217,1.04417192282233
"2003",218,0
"2004",219,0
"2005",220,0
"2006",221,4.17668769128932
"2007",222,0
"2008",223,0
"2009",224,235.982854557847
"2010",2,675.579234066048
"2011",4,322.6491241521
"2012",5,1428.42719042095
"2013",6,76.2245503660301
"2014",7,55.3411119095835
"2015",8,304.89820146412
"2016",9,50.1202522954719
"2017",10,15.662578842335
"2018",12,591.001308317439
"2019",13,0
"2020",14,0
"2021",15,2.08834384564466
"2022",16,0
"2023",17,304.89820146412
"2024",18,9.39754730540097
"2025",19,166.023335728751
"2026",20,0
"2027",21,1118.30812934272
"2028",22,16.7067507651573
"2029",23,80.4012380573194
"2030",24,824.895819029641
"2031",25,427.066316434333
"2032",26,7.30920345975631
"2033",27,0
"2034",28,728.832002129987
"2035",29,218.231931869867
"2036",30,0
"2037",31,12.530063073868
"2038",32,0
"2039",33,705.860219827895
"2040",34,0
"2041",36,44.8993926813602
"2042",37,0
"2043",38,1.04417192282233
"2044",39,7.30920345975631
"2045",40,71.0036907519185
"2046",41,635.900700998799
"2047",42,197.34849341342
"2048",43,1.04417192282233
"2049",44,884.413618630514
"2050",45,177.509226879796
"2051",46,5.22085961411165
"2052",47,0
"2053",48,0
"2054",49,0
"2055",50,0
"2056",51,261.042980705583
"2057",52,0
"2058",53,0
"2059",54,0
"2060",55,222.408619561156
"2061",56,0
"2062",57,2.08834384564466
"2063",58,0
"2064",59,0
"2065",60,0
"2066",61,0
"2067",63,0
"2068",64,0
"2069",65,0
"2070",66,0
"2071",67,512.688414105764
"2072",68,0
"2073",69,0
"2074",70,0
"2075",71,11.4858911510456
"2076",73,0
"2077",74,0
"2078",75,0
"2079",76,0
"2080",77,0
"2081",78,0
"2082",79,386.343611444262
"2083",80,0
"2084",81,11.4858911510456
"2085",82,2.08834384564466
"2086",83,0
"2087",84,74.1362065203855
"2088",85,797.747349036261
"2089",86,0
"2090",87,7.30920345975631
"2091",88,26.1042980705583
"2092",89,0
"2093",90,0
"2094",91,7.30920345975631
"2095",92,0
"2096",93,0
"2097",94,0
"2098",95,0
"2099",96,177.509226879796
"2100",97,7.30920345975631
"2101",98,0
"2102",99,0
"2103",100,0
"2104",101,5.22085961411165
"2105",102,0
"2106",103,4.17668769128932
"2107",104,0
"2108",105,942.887246308564
"2109",106,112.770567664812
"2110",107,38.6343611444262
"2111",108,467.789021424404
"2112",109,0
"2113",110,0
"2114",111,0
"2115",112,269.396356088161
"2116",113,0
"2117",114,0
"2118",115,0
"2119",116,3.13251576846699
"2120",117,0
"2121",118,0
"2122",119,0
"2123",120,0
"2124",121,0
"2125",122,0
"2126",123,0
"2127",124,2.08834384564466
"2128",125,0
"2129",126,0
"2130",127,0
"2131",128,0
"2132",129,0
"2133",130,0
"2134",131,1.04417192282233
"2135",132,223.452791483979
"2136",133,0
"2137",134,0
"2138",135,0
"2139",136,0
"2140",137,0
"2141",138,0
"2142",139,0
"2143",140,0
"2144",141,3.13251576846699
"2145",142,132.609834198436
"2146",143,0
"2147",144,0
"2148",145,0
"2149",146,19.8392665336243
"2150",147,0
"2151",148,0
"2152",149,25.0601261477359
"2153",150,35.5018453759592
"2154",151,0
"2155",152,0
"2156",153,0
"2157",154,0
"2158",155,177.509226879796
"2159",157,0
"2160",158,0
"2161",159,0
"2162",160,0
"2163",161,0
"2164",162,0
"2165",163,0
"2166",164,0
"2167",165,0
"2168",166,0
"2169",167,0
"2170",168,3.13251576846699
"2171",169,0
"2172",170,0
"2173",171,0
"2174",172,0
"2175",173,0
"2176",174,0
"2177",175,0
"2178",176,0
"2179",177,0
"2180",178,0
"2181",179,1.04417192282233
"2182",180,0
"2183",181,18.7950946108019
"2184",182,0
"2185",183,0
"2186",184,0
"2187",185,0
"2188",186,0
"2189",187,0
"2190",188,0
"2191",189,0
"2192",190,98.1521607452991
"2193",191,0
"2194",192,0
"2195",193,0
"2196",194,0
"2197",195,8.35337538257864
"2198",196,0
"2199",197,0
"2200",198,0
"2201",199,0
"2202",200,191.083461876486
"2203",201,0
"2204",202,0
"2205",203,0
"2206",204,85.6220976714311
"2207",205,1.04417192282233
"2208",206,0
"2209",207,0
"2210",208,0
"2211",209,0
"2212",210,0
"2213",211,0
"2214",212,0
"2215",213,0
"2216",214,0
"2217",215,0
"2218",216,589.957136394617
"2219",217,0
"2220",218,0
"2221",219,0
"2222",220,0
"2223",221,0
"2224",222,59.5177996008728
"2225",223,0
"2226",224,0
"2227",3,1081.76211204393
"2228",4,1095.33634704062
"2229",5,1096.38051896345
"2230",6,568.029526015348
"2231",7,599.354683700018
"2232",8,157.669960346172
"2233",9,31.3251576846699
"2234",10,377.990236061684
"2235",11,714.213595210474
"2236",12,549.234431404546
"2237",13,200.481009181887
"2238",14,363.371829142171
"2239",15,0
"2240",16,16.7067507651573
"2241",18,370.681032601927
"2242",19,0
"2243",20,0
"2244",21,8.35337538257864
"2245",24,0
"2246",25,381.122751830151
"2247",26,18.7950946108019
"2248",27,2.08834384564466
"2249",29,1.04417192282233
"2250",30,9.39754730540097
"2251",31,2.08834384564466
"2252",32,2.08834384564466
"2253",33,0
"2254",34,410.359565669176
"2255",35,0
"2256",36,203.613524950354
"2257",37,0
"2258",38,0
"2259",39,12.530063073868
"2260",40,0
"2261",41,14.6184069195126
"2262",42,0
"2263",43,0
"2264",44,266.263840319694
"2265",46,250.601261477359
"2266",47,166.023335728751
"2267",48,0
"2268",49,1.04417192282233
"2269",50,634.856529075977
"2270",51,0
"2271",52,0
"2272",53,1.04417192282233
"2273",54,406.182877977887
"2274",55,0
"2275",56,15.662578842335
"2276",57,106.505536127878
"2277",58,4.17668769128932
"2278",59,0
"2279",60,7.30920345975631
"2280",61,0
"2281",62,0
"2282",63,222.408619561156
"2283",64,0
"2284",65,51.1644242182942
"2285",66,30.2809857618476
"2286",67,0
"2287",68,113.814739587634
"2288",69,812.365755955773
"2289",70,0
"2290",72,232.85033878938
"2291",73,0
"2292",74,67.8711749834515
"2293",75,38.6343611444262
"2294",76,0
"2295",77,6.26503153693398
"2296",78,2.08834384564466
"2297",79,1.04417192282233
"2298",80,0
"2299",81,0
"2300",82,0
"2301",83,0
"2302",84,0
"2303",85,9.39754730540097
"2304",86,0
"2305",87,0
"2306",88,0
"2307",89,0
"2308",90,0
"2309",91,0
"2310",92,0
"2311",93,0
"2312",94,0
"2313",95,0
"2314",96,0
"2315",97,0
"2316",98,0
"2317",100,0
"2318",101,0
"2319",102,0
"2320",103,0
"2321",104,0
"2322",105,0
"2323",106,92.9313011311874
"2324",107,0
"2325",108,0
"2326",109,0
"2327",110,0
"2328",111,60.5619715236952
"2329",112,152.44910073206
"2330",113,0
"2331",114,0
"2332",115,0
"2333",116,0
"2334",117,0
"2335",118,0
"2336",119,0
"2337",120,63.6944872921622
"2338",121,0
"2339",122,0
"2340",123,0
"2341",124,0
"2342",125,275.661387625095
"2343",126,0
"2344",127,0
"2345",128,1.04417192282233
"2346",129,0
"2347",130,0
"2348",131,0
"2349",132,0
"2350",133,0
"2351",134,0
"2352",135,0
"2353",136,0
"2354",137,0
"2355",138,2.08834384564466
"2356",139,0
"2357",140,0
"2358",141,0
"2359",142,0
"2360",143,0
"2361",144,0
"2362",145,0
"2363",146,1.04417192282233
"2364",147,79.3570661344971
"2365",148,2.08834384564466
"2366",149,0
"2367",150,0
"2368",151,0
"2369",152,0
"2370",153,0
"2371",154,0
"2372",155,0
"2373",156,0
"2374",157,0
"2375",158,0
"2376",159,0
"2377",160,326.825811843389
"2378",161,171.244195342862
"2379",162,0
"2380",163,0
"2381",164,0
"2382",165,0
"2383",166,0
"2384",167,0
"2385",168,0
"2386",169,0
"2387",170,0
"2388",171,0
"2389",172,2.08834384564466
"2390",173,0
"2391",174,0
"2392",175,0
"2393",176,0
"2394",177,388.431955289907
"2395",178,0
"2396",179,0
"2397",180,140.963209581015
"2398",181,0
"2399",182,0
"2400",183,0
"2401",184,0
"2402",185,0
"2403",186,0
"2404",187,0
"2405",188,0
"2406",189,71.0036907519185
"2407",190,0
"2408",191,0
"2409",192,0
"2410",193,0
"2411",194,0
"2412",195,0
"2413",196,26.1042980705583
"2414",197,0
"2415",198,0
"2416",199,0
"2417",200,6.26503153693398
"2418",201,0
"2419",202,0
"2420",203,0
"2421",204,0
"2422",205,0
"2423",206,0
"2424",207,0
"2425",208,0
"2426",209,0
"2427",210,0
"2428",211,80.4012380573194
"2429",212,0
"2430",213,0
"2431",3,438.552207585379
"2432",4,248.512917631715
"2433",5,335.179187225968
"2434",6,477.186568729805
"2435",7,797.747349036261
"2436",8,2.08834384564466
"2437",9,845.779257486088
"2438",10,59.5177996008728
"2439",11,277.74973147074
"2440",14,841.602569794798
"2441",15,3.13251576846699
"2442",16,0
"2443",17,0
"2444",19,0
"2445",20,0
"2446",21,134.698178044081
"2447",23,44.8993926813602
"2448",25,0
"2449",28,0
"2450",29,7.30920345975631
"2451",30,0
"2452",31,11.4858911510456
"2453",32,5.22085961411165
"2454",33,0
"2455",34,0
"2456",35,0
"2457",36,0
"2458",37,0
"2459",38,0
"2460",39,0
"2461",40,16.7067507651573
"2462",41,0
"2463",42,0
"2464",43,869.795211711001
"2465",44,8.35337538257864
"2466",45,0
"2467",46,0
"2468",47,0
"2469",48,0
"2470",49,0
"2471",50,0
"2472",51,0
"2473",52,21.9276103792689
"2474",53,0
"2475",54,8.35337538257864
"2476",55,73.0920345975631
"2477",56,5.22085961411165
"2478",57,0
"2479",58,78.3128942116748
"2480",59,0
"2481",60,0
"2482",61,576.382901397926
"2483",62,0
"2484",63,0
"2485",64,0
"2486",65,0
"2487",66,0
"2488",67,11.4858911510456
"2489",68,0
"2490",69,0
"2491",70,0
"2492",72,17.7509226879796
"2493",73,186.906774185197
"2494",74,0
"2495",75,0
"2496",76,0
"2497",79,28.1926419162029
"2498",80,0
"2499",81,0
"2500",82,0
"2501",83,0
"2502",84,0
"2503",85,0
"2504",86,0
"2505",87,0
"2506",88,12.530063073868
"2507",89,8.35337538257864
"2508",90,0
"2509",91,0
"2510",92,0
"2511",93,91.8871292083651
"2512",94,0
"2513",96,1.04417192282233
"2514",97,13.5742349966903
"2515",98,0
"2516",99,29.2368138390252
"2517",100,0
"2518",101,0
"2519",102,0
"2520",103,0
"2521",104,0
"2522",105,7.30920345975631
"2523",106,0
"2524",107,0
"2525",108,0
"2526",109,107.5497080507
"2527",110,43.8552207585379
"2528",111,3.13251576846699
"2529",112,119.035599201746
"2530",113,0
"2531",114,0
"2532",115,0
"2533",116,27.1484699933806
"2534",117,77.2687222888525
"2535",118,6.26503153693398
"2536",119,0
"2537",120,0
"2538",121,0
"2539",122,11.4858911510456
"2540",123,0
"2541",124,0
"2542",125,0
"2543",126,0
"2544",127,0
"2545",128,0
"2546",130,0
"2547",131,0
"2548",132,35.5018453759592
"2549",133,0
"2550",134,0
"2551",135,5.22085961411165
"2552",136,0
"2553",137,0
"2554",138,0
"2555",139,0
"2556",140,0
"2557",141,606.663887159774
"2558",142,0
"2559",143,0
"2560",144,0
"2561",145,0
"2562",146,0
"2563",147,0
"2564",148,0
"2565",149,0
"2566",150,0
"2567",151,0
"2568",152,2.08834384564466
"2569",153,193.171805722131
"2570",154,0
"2571",155,0
"2572",156,0
"2573",157,0
"2574",158,14.6184069195126
"2575",159,0
"2576",160,3.13251576846699
"2577",162,54.2969399867612
"2578",163,0
"2579",164,10.4417192282233
"2580",165,0
"2581",166,0
"2582",167,2.08834384564466
"2583",168,316.384092615166
"2584",169,0
"2585",170,0
"2586",171,32.3693296074922
"2587",172,0
"2588",173,342.488390685724
"2589",174,0
"2590",175,0
"2591",176,0
"2592",177,0
"2593",178,0
"2594",179,228.67365109809
"2595",180,0
"2596",181,0
"2597",182,0
"2598",183,0
"2599",184,0
"2600",185,0
"2601",186,0
"2602",187,0
"2603",188,0
"2604",189,0
"2605",190,0
"2606",191,0
"2607",192,0
"2608",193,0
"2609",194,341.444218762902
"2610",195,0
"2611",196,0
"2612",197,0
"2613",198,0
"2614",199,0
"2615",200,6.26503153693398
"2616",201,438.552207585379
"2617",202,0
"2618",203,8.35337538257864
"2619",204,0
"2620",205,63.6944872921622
"2621",206,0
"2622",207,0
"2623",208,0
"2624",209,0
"2625",210,0
"2626",211,0
"2627",6,14.6184069195126
"2628",7,308.030717232587
"2629",8,286.103106853319
"2630",9,523.130133333988
"2631",10,137.830693812548
"2632",11,0
"2633",13,0
"2634",14,24.0159542249136
"2635",16,92.9313011311874
"2636",17,456.303130273358
"2637",18,0
"2638",19,231.806166866557
"2639",20,509.555898337297
"2640",21,0
"2641",23,0
"2642",24,18.7950946108019
"2643",25,0
"2644",26,340.40004684008
"2645",28,8.35337538257864
"2646",29,0
"2647",30,1.04417192282233
"2648",32,194.215977644953
"2649",33,0
"2650",35,0
"2651",36,0
"2652",37,50.1202522954719
"2653",39,5.22085961411165
"2654",40,12.530063073868
"2655",41,0
"2656",42,138.87486573537
"2657",43,509.555898337297
"2658",44,24.0159542249136
"2659",45,13.5742349966903
"2660",46,10.4417192282233
"2661",47,0
"2662",48,0
"2663",49,0
"2664",50,18.7950946108019
"2665",51,584.736276780505
"2666",52,0
"2667",54,0
"2668",55,414.536253360465
"2669",56,0
"2670",57,0
"2671",58,0
"2672",59,0
"2673",60,105.461364205055
"2674",61,0
"2675",62,0
"2676",63,0
"2677",64,0
"2678",65,98.1521607452991
"2679",66,0
"2680",67,19.8392665336243
"2681",68,1.04417192282233
"2682",69,276.705559547918
"2683",70,0
"2684",71,0
"2685",72,0
"2686",73,0
"2687",74,0
"2688",75,0
"2689",76,0
"2690",77,202.569353027532
"2691",78,44.8993926813602
"2692",79,147.228241117949
"2693",80,0
"2694",81,0
"2695",83,0
"2696",84,0
"2697",85,6.26503153693398
"2698",86,0
"2699",87,0
"2700",88,0
"2701",89,0
"2702",90,7.30920345975631
"2703",91,0
"2704",92,0
"2705",93,954.37313745961
"2706",94,0
"2707",95,16.7067507651573
"2708",96,28.1926419162029
"2709",97,0
"2710",98,0
"2711",99,0
"2712",100,0
"2713",101,0
"2714",102,11.4858911510456
"2715",103,0
"2716",104,0
"2717",105,18.7950946108019
"2718",106,17.7509226879796
"2719",107,0
"2720",108,0
"2721",109,0
"2722",110,0
"2723",111,113.814739587634
"2724",112,0
"2725",113,0
"2726",115,0
"2727",116,0
"2728",117,0
"2729",118,0
"2730",119,92.9313011311874
"2731",120,0
"2732",123,49.0760803726495
"2733",124,0
"2734",125,0
"2735",126,62.6503153693398
"2736",127,181.685914571085
"2737",128,98.1521607452991
"2738",129,0
"2739",130,0
"2740",131,0
"2741",132,0
"2742",133,1.04417192282233
"2743",134,0
"2744",135,0
"2745",136,0
"2746",137,0
"2747",138,0
"2748",139,115.903083433279
"2749",140,19.8392665336243
"2750",141,0
"2751",142,0
"2752",143,0
"2753",144,0
"2754",145,0
"2755",146,0
"2756",147,0
"2757",149,71.0036907519185
"2758",150,1.04417192282233
"2759",151,0
"2760",152,116.947255356101
"2761",153,0
"2762",154,0
"2763",155,0
"2764",158,0
"2765",159,0
"2766",160,18.7950946108019
"2767",161,0
"2768",162,0
"2769",163,5.22085961411165
"2770",164,0
"2771",165,1.04417192282233
"2772",166,0
"2773",167,0
"2774",168,0
"2775",169,39.6785330672486
"2776",170,9.39754730540097
"2777",171,0
"2778",172,0
"2779",173,0
"2780",174,0
"2781",175,0
"2782",176,0
"2783",177,114.858911510456
"2784",178,0
"2785",179,0
"2786",180,0
"2787",181,0
"2788",182,0
"2789",183,0
"2790",184,84.5779257486088
"2791",185,0
"2792",186,459.435646041825
"2793",187,0
"2794",188,0
"2795",189,0
"2796",190,95.0196449768321
"2797",191,0
"2798",192,0
"2799",193,0
"2800",194,0
"2801",195,0
"2802",196,0
"2803",197,0
"2804",198,0
"2805",199,0
"2806",200,0
"2807",201,0
"2808",202,0
"2809",203,0
"2810",204,0
"2811",205,0
"2812",206,0
"2813",207,173.332539188507
"2814",208,0
"2815",209,0
"2816",210,0
"2817",211,0
"2818",4,714.213595210474
"2819",8,0
"2820",9,86.6662695942534
"2821",10,80.4012380573194
"2822",11,599.354683700018
"2823",13,160.802476114639
"2824",15,64.7386592149845
"2825",17,41.7668769128932
"2826",18,10.4417192282233
"2827",20,32.3693296074922
"2828",21,262.087152628405
"2829",22,41.7668769128932
"2830",23,30.2809857618476
"2831",25,9.39754730540097
"2832",27,0
"2833",28,32.3693296074922
"2834",29,0
"2835",30,114.858911510456
"2836",31,277.74973147074
"2837",32,3.13251576846699
"2838",34,1.04417192282233
"2839",35,102.328848436588
"2840",36,3.13251576846699
"2841",37,2.08834384564466
"2842",38,213.011072255755
"2843",39,377.990236061684
"2844",40,0
"2845",41,0
"2846",42,0
"2847",43,0
"2848",44,10.4417192282233
"2849",45,25.0601261477359
"2850",46,736.141205589743
"2851",47,0
"2852",48,0
"2853",49,49.0760803726495
"2854",50,0
"2855",52,198.392665336243
"2856",53,1.04417192282233
"2857",54,109.638051896345
"2858",56,0
"2859",57,0
"2860",58,0
"2861",59,155.581616500527
"2862",61,0
"2863",62,263.131324551227
"2864",63,1.04417192282233
"2865",65,0
"2866",67,0
"2867",68,0
"2868",70,15.662578842335
"2869",71,0
"2870",72,9.39754730540097
"2871",73,12.530063073868
"2872",74,0
"2873",75,51.1644242182942
"2874",76,0
"2875",77,37.5901892216039
"2876",78,0
"2877",79,0
"2878",80,0
"2879",81,0
"2880",82,0
"2881",83,183.77425841673
"2882",85,208.834384564466
"2883",86,0
"2884",87,0
"2885",88,0
"2886",89,0
"2887",90,0
"2888",91,0
"2889",93,0
"2890",95,46.9877365270049
"2891",96,27.1484699933806
"2892",97,0
"2893",99,0
"2894",100,119.035599201746
"2895",101,0
"2896",103,0
"2897",105,0
"2898",106,377.990236061684
"2899",107,0
"2900",108,0
"2901",109,0
"2902",110,0
"2903",111,0
"2904",112,6.26503153693398
"2905",113,0
"2906",114,17.7509226879796
"2907",115,4.17668769128932
"2908",116,0
"2909",117,3.13251576846699
"2910",119,0
"2911",121,0
"2912",122,0
"2913",123,0
"2914",124,0
"2915",125,0
"2916",126,0
"2917",127,12.530063073868
"2918",128,0
"2919",129,7.30920345975631
"2920",130,540.881056021967
"2921",131,0
"2922",132,68.9153469062738
"2923",133,0
"2924",134,0
"2925",135,8.35337538257864
"2926",136,0
"2927",137,0
"2928",138,0
"2929",139,0
"2930",140,0
"2931",141,0
"2932",142,0
"2933",143,0
"2934",144,0
"2935",145,0
"2936",146,0
"2937",147,3.13251576846699
"2938",148,0
"2939",149,55.3411119095835
"2940",151,0
"2941",153,0
"2942",154,0
"2943",155,0
"2944",156,0
"2945",157,0
"2946",158,0
"2947",159,16.7067507651573
"2948",160,0
"2949",162,0
"2950",163,0
"2951",164,0
"2952",165,0
"2953",166,0
"2954",167,0
"2955",168,0
"2956",169,0
"2957",170,0
"2958",171,41.7668769128932
"2959",172,16.7067507651573
"2960",173,0
"2961",174,0
"2962",175,0
"2963",176,9.39754730540097
"2964",177,0
"2965",178,0
"2966",179,3.13251576846699
"2967",180,0
"2968",181,0
"2969",183,0
"2970",184,0
"2971",185,0
"2972",186,21.9276103792689
"2973",187,0
"2974",188,0
"2975",189,0
"2976",190,0
"2977",191,0
"2978",192,0
"2979",193,0
"2980",194,0
"2981",195,0
"2982",196,8.35337538257864
"2983",197,0
"2984",199,0
"2985",200,0
"2986",201,0
"2987",202,0
"2988",203,0
"2989",204,0
"2990",205,0
"2991",206,0
"2992",207,0
"2993",208,0
"2994",209,0
"2995",210,2.08834384564466
"2996",211,0
"2997",4,584.736276780505
"2998",6,201.52518110471
"2999",8,51.1644242182942
"3000",11,303.854029541298
"3001",13,12.530063073868
"3002",17,1.04417192282233
"3003",20,59.5177996008728
"3004",21,128.433146507147
"3005",22,27.1484699933806
"3006",23,229.717823020913
"3007",25,8.35337538257864
"3008",26,594.133824085906
"3009",27,2.08834384564466
"3010",29,36.5460172987816
"3011",31,90.8429572855427
"3012",32,0
"3013",33,0
"3014",34,0
"3015",35,0
"3016",39,0
"3017",40,0
"3018",41,177.509226879796
"3019",42,61.6061434465175
"3020",43,0
"3021",44,0
"3022",45,158.714132268994
"3023",46,68.9153469062738
"3024",48,0
"3025",50,13.5742349966903
"3026",52,0
"3027",53,0
"3028",55,2.08834384564466
"3029",56,69.9595188290961
"3030",57,81.4454099801418
"3031",58,0
"3032",60,72.0478626747408
"3033",61,0
"3034",62,14.6184069195126
"3035",63,0
"3036",64,0
"3037",65,0
"3038",67,1.04417192282233
"3039",68,0
"3040",69,0
"3041",70,51.1644242182942
"3042",71,18.7950946108019
"3043",72,0
"3044",73,0
"3045",74,0
"3046",75,0
"3047",76,0
"3048",77,0
"3049",78,0
"3050",79,0
"3051",81,0
"3052",82,0
"3053",83,0
"3054",85,0
"3055",86,3.13251576846699
"3056",87,4.17668769128932
"3057",88,0
"3058",89,0
"3059",90,15.662578842335
"3060",91,0
"3061",92,0
"3062",93,0
"3063",94,0
"3064",95,0
"3065",96,0
"3066",97,0
"3067",98,0
"3068",99,200.481009181887
"3069",100,0
"3070",101,0
"3071",102,0
"3072",103,0
"3073",105,0
"3074",106,46.9877365270049
"3075",107,1.04417192282233
"3076",108,0
"3077",109,0
"3078",110,33.4135015303146
"3079",111,27.1484699933806
"3080",113,0
"3081",114,0
"3082",115,0
"3083",116,9.39754730540097
"3084",117,0
"3085",118,0
"3086",119,13.5742349966903
"3087",120,0
"3088",121,0
"3089",124,0
"3090",125,0
"3091",126,0
"3092",127,0
"3093",128,0
"3094",129,0
"3095",130,0
"3096",132,52.2085961411165
"3097",133,136.786521889725
"3098",134,0
"3099",135,3.13251576846699
"3100",136,0
"3101",137,0
"3102",139,0
"3103",140,19.8392665336243
"3104",142,0
"3105",143,0
"3106",145,0
"3107",146,0
"3108",149,0
"3109",150,0
"3110",151,0
"3111",152,0
"3112",153,0
"3113",154,78.3128942116748
"3114",155,0
"3115",156,0
"3116",157,200.481009181887
"3117",158,0
"3118",159,0
"3119",160,0
"3120",161,0
"3121",162,44.8993926813602
"3122",163,0
"3123",164,0
"3124",165,0
"3125",166,0
"3126",167,0
"3127",168,49.0760803726495
"3128",169,0
"3129",170,0
"3130",171,0
"3131",172,0
"3132",173,0
"3133",174,0
"3134",175,0
"3135",176,0
"3136",177,0
"3137",179,0
"3138",180,0
"3139",181,0
"3140",182,0
"3141",183,0
"3142",184,0
"3143",185,0
"3144",186,0
"3145",188,0
"3146",189,0
"3147",190,0
"3148",191,0
"3149",192,0
"3150",193,0
"3151",194,0
"3152",195,0
"3153",196,0
"3154",197,0
"3155",198,0
"3156",199,0
"3157",200,0
"3158",201,0
"3159",202,0
"3160",203,0
"3161",204,0
"3162",205,0
"3163",206,0
"3164",207,0
"3165",208,0
"3166",209,0
"3167",210,30.2809857618476
"3168",2,684.976781371449
"3169",11,0
"3170",12,75.1803784432078
"3171",13,151.404928809238
"3172",17,196.304321490598
"3173",18,0
"3174",19,242.247886094781
"3175",22,0
"3176",23,56.3852838324058
"3177",24,10.4417192282233
"3178",25,0
"3179",28,0
"3180",29,2.08834384564466
"3181",31,1.04417192282233
"3182",32,26.1042980705583
"3183",33,62.6503153693398
"3184",35,38.6343611444262
"3185",36,53.2527680639388
"3186",38,24.0159542249136
"3187",40,0
"3188",41,48.0319084498272
"3189",42,218.231931869867
"3190",44,66.8270030606292
"3191",45,81.4454099801418
"3192",48,65.7828311378068
"3193",49,19.8392665336243
"3194",50,0
"3195",51,0
"3196",52,9.39754730540097
"3197",54,87.7104415170758
"3198",55,11.4858911510456
"3199",56,0
"3200",57,2.08834384564466
"3201",59,0
"3202",60,0
"3203",61,27.1484699933806
"3204",62,0
"3205",63,0
"3206",65,8.35337538257864
"3207",70,1.04417192282233
"3208",71,0
"3209",72,0
"3210",73,0
"3211",74,0
"3212",76,13.5742349966903
"3213",77,0
"3214",78,0
"3215",79,34.4576734531369
"3216",80,10.4417192282233
"3217",81,0
"3218",82,20.8834384564466
"3219",83,15.662578842335
"3220",84,0
"3221",85,16.7067507651573
"3222",86,88.7546134398981
"3223",87,0
"3224",89,0
"3225",90,0
"3226",91,0
"3227",92,0
"3228",93,0
"3229",94,0
"3230",95,5.22085961411165
"3231",97,0
"3232",99,34.4576734531369
"3233",100,0
"3234",102,0
"3235",103,6.26503153693398
"3236",104,811.321584032951
"3237",105,0
"3238",106,0
"3239",107,0
"3240",108,0
"3241",109,0
"3242",110,2.08834384564466
"3243",111,0
"3244",112,0
"3245",113,0
"3246",114,83.5337538257864
"3247",115,0
"3248",116,0
"3249",117,0
"3250",118,0
"3251",119,0
"3252",120,0
"3253",121,0
"3254",122,0
"3255",123,0
"3256",124,0
"3257",125,0
"3258",126,57.4294557552282
"3259",127,0
"3260",128,0
"3261",129,0
"3262",130,0
"3263",132,0
"3264",134,0
"3265",135,0
"3266",136,0
"3267",137,0
"3268",138,8.35337538257864
"3269",139,270.440528010984
"3270",140,0
"3271",141,0
"3272",142,0
"3273",143,0
"3274",144,0
"3275",145,0
"3276",146,0
"3277",147,0
"3278",148,71.0036907519185
"3279",149,0
"3280",150,3.13251576846699
"3281",151,4.17668769128932
"3282",152,1.04417192282233
"3283",153,0
"3284",154,0
"3285",155,0
"3286",156,0
"3287",157,0
"3288",158,27.1484699933806
"3289",159,0
"3290",161,0
"3291",162,0
"3292",163,0
"3293",164,231.806166866557
"3294",165,0
"3295",166,0
"3296",167,10.4417192282233
"3297",168,0
"3298",169,0
"3299",170,0
"3300",171,3.13251576846699
"3301",172,0
"3302",173,0
"3303",174,77.2687222888525
"3304",175,0
"3305",176,0
"3306",178,2.08834384564466
"3307",180,0
"3308",181,0
"3309",182,0
"3310",183,0
"3311",184,10.4417192282233
"3312",185,0
"3313",186,0
"3314",187,0
"3315",189,0
"3316",190,49.0760803726495
"3317",191,14.6184069195126
"3318",192,0
"3319",193,0
"3320",195,48.0319084498272
"3321",196,0
"3322",197,0
"3323",198,0
"3324",199,0
"3325",200,0
"3326",201,6.26503153693398
"3327",202,0
"3328",203,0
"3329",204,184.818430339552
"3330",205,55.3411119095835
"3331",206,0
"3332",207,0
"3333",209,29.2368138390252
"3334",210,0
"3335",211,0
"3336",1,111.726395741989
"3337",2,244.336229940425
"3338",3,368.592688756283
"3339",4,4.17668769128932
"3340",8,81.4454099801418
"3341",10,61.6061434465175
"3342",12,52.2085961411165
"3343",24,111.726395741989
"3344",25,5.22085961411165
"3345",27,0
"3346",29,0
"3347",31,8.35337538257864
"3348",32,0
"3349",33,0
"3350",34,0
"3351",35,0
"3352",36,0
"3353",37,33.4135015303146
"3354",39,0
"3355",40,0
"3356",41,0
"3357",42,4.17668769128932
"3358",43,0
"3359",46,0
"3360",48,0
"3361",49,30.2809857618476
"3362",51,0
"3363",53,0
"3364",54,0
"3365",55,171.244195342862
"3366",56,0
"3367",57,0
"3368",59,14.6184069195126
"3369",63,28.1926419162029
"3370",64,0
"3371",67,15.662578842335
"3372",68,0
"3373",69,0
"3374",70,2.08834384564466
"3375",71,0
"3376",72,0
"3377",73,0
"3378",75,36.5460172987816
"3379",76,126.344802661502
"3380",79,0
"3381",80,0
"3382",82,0
"3383",84,0
"3384",88,0
"3385",89,35.5018453759592
"3386",90,0
"3387",91,0
"3388",92,0
"3389",94,0
"3390",96,0
"3391",97,8.35337538257864
"3392",98,0
"3393",99,0
"3394",100,0
"3395",101,53.2527680639388
"3396",102,0
"3397",103,0
"3398",104,26.1042980705583
"3399",106,0
"3400",107,0
"3401",108,0
"3402",109,0
"3403",111,0
"3404",112,0
"3405",113,0
"3406",114,0
"3407",115,0
"3408",116,0
"3409",117,0
"3410",118,0
"3411",119,0
"3412",121,8.35337538257864
"3413",122,19.8392665336243
"3414",123,0
"3415",124,0
"3416",125,0
"3417",127,0
"3418",128,0
"3419",129,0
"3420",131,13.5742349966903
"3421",132,0
"3422",133,0
"3423",134,0
"3424",135,0
"3425",136,0
"3426",137,87.7104415170758
"3427",138,1.04417192282233
"3428",139,0
"3429",140,0
"3430",141,0
"3431",142,0
"3432",143,0
"3433",144,0
"3434",145,0
"3435",146,0
"3436",148,0
"3437",149,0
"3438",152,0
"3439",153,0
"3440",154,0
"3441",155,0
"3442",157,0
"3443",158,0
"3444",159,0
"3445",160,0
"3446",161,59.5177996008728
"3447",162,17.7509226879796
"3448",164,0
"3449",165,0
"3450",166,0
"3451",167,0
"3452",168,0
"3453",170,0
"3454",171,4.17668769128932
"3455",172,0
"3456",173,0
"3457",174,0
"3458",176,4.17668769128932
"3459",177,0
"3460",178,0
"3461",179,31.3251576846699
"3462",180,0
"3463",181,37.5901892216039
"3464",182,0
"3465",183,0
"3466",184,2.08834384564466
"3467",185,0
"3468",186,0
"3469",187,0
"3470",188,0
"3471",189,0
"3472",190,0
"3473",191,0
"3474",192,0
"3475",193,1.04417192282233
"3476",194,0
"3477",195,75.1803784432078
"3478",196,0
"3479",197,0
"3480",198,56.3852838324058
"3481",199,8.35337538257864
"3482",200,0
"3483",201,0
"3484",202,41.7668769128932
"3485",203,0
"3486",204,0
"3487",205,0
"3488",206,0
"3489",207,0
"3490",208,0
"3491",209,6.26503153693398
"3492",211,0
"3493",11,0
"3494",18,51.1644242182942
"3495",19,14.6184069195126
"3496",21,11.4858911510456
"3497",22,0
"3498",24,0
"3499",27,46.9877365270049
"3500",28,0
"3501",31,10.4417192282233
"3502",32,8.35337538257864
"3503",33,37.5901892216039
"3504",34,0
"3505",36,5.22085961411165
"3506",37,14.6184069195126
"3507",38,0
"3508",39,0
"3509",40,14.6184069195126
"3510",43,3.13251576846699
"3511",45,0
"3512",46,14.6184069195126
"3513",47,0
"3514",48,0
"3515",49,0
"3516",50,8.35337538257864
"3517",51,22.9717823020913
"3518",52,3.13251576846699
"3519",53,55.3411119095835
"3520",54,0
"3521",56,0
"3522",60,0
"3523",61,85.6220976714311
"3524",62,0
"3525",64,0
"3526",65,0
"3527",67,0
"3528",68,0
"3529",69,11.4858911510456
"3530",70,0
"3531",71,0
"3532",72,0
"3533",73,0
"3534",76,0
"3535",81,3.13251576846699
"3536",83,0
"3537",84,0
"3538",85,0
"3539",86,78.3128942116748
"3540",87,0
"3541",88,14.6184069195126
"3542",90,10.4417192282233
"3543",91,0
"3544",92,0
"3545",93,0
"3546",94,0
"3547",95,0
"3548",96,0
"3549",97,0
"3550",98,0
"3551",102,1.04417192282233
"3552",103,0
"3553",105,0
"3554",106,0
"3555",107,0
"3556",108,20.8834384564466
"3557",109,0
"3558",111,0
"3559",112,0
"3560",113,0
"3561",114,0
"3562",115,0
"3563",116,0
"3564",117,0
"3565",119,0
"3566",120,0
"3567",122,0
"3568",123,168.111679574395
"3569",124,8.35337538257864
"3570",125,11.4858911510456
"3571",126,0
"3572",127,57.4294557552282
"3573",128,0
"3574",129,170.20002342004
"3575",130,0
"3576",131,0
"3577",132,0
"3578",134,0
"3579",135,0
"3580",136,0
"3581",138,0
"3582",139,0
"3583",140,0
"3584",141,0
"3585",142,0
"3586",143,0
"3587",144,0
"3588",145,0
"3589",146,0
"3590",147,0
"3591",149,0
"3592",150,0
"3593",151,0
"3594",153,0
"3595",154,0
"3596",155,0
"3597",156,0
"3598",157,0
"3599",158,0
"3600",159,0
"3601",160,0
"3602",161,0
"3603",162,0
"3604",163,0
"3605",164,0
"3606",165,0
"3607",166,16.7067507651573
"3608",167,0
"3609",168,0
"3610",169,0
"3611",170,6.26503153693398
"3612",171,0
"3613",172,5.22085961411165
"3614",173,0
"3615",174,0
"3616",175,0
"3617",176,0
"3618",177,0
"3619",178,0
"3620",179,0
"3621",180,0
"3622",181,0
"3623",182,0
"3624",183,0
"3625",184,0
"3626",185,0
"3627",186,2.08834384564466
"3628",187,0
"3629",188,0
"3630",189,0
"3631",190,0
"3632",191,171.244195342862
"3633",192,0
"3634",193,0
"3635",194,0
"3636",195,0
"3637",197,0
"3638",198,1.04417192282233
"3639",199,0
"3640",200,0
"3641",201,0
"3642",202,106.505536127878
"3643",203,0
"3644",204,8.35337538257864
"3645",205,0
"3646",207,0
"3647",208,0
"3648",209,0
"3649",210,0
"3650",211,0
"3651",5,7.30920345975631
"3652",6,88.7546134398981
"3653",10,168.111679574395
"3654",12,71.0036907519185
"3655",14,24.0159542249136
"3656",23,0
"3657",26,5.22085961411165
"3658",27,34.4576734531369
"3659",28,17.7509226879796
"3660",30,0
"3661",31,55.3411119095835
"3662",32,18.7950946108019
"3663",34,0
"3664",35,0
"3665",41,1.04417192282233
"3666",42,3.13251576846699
"3667",43,0
"3668",44,0
"3669",45,0
"3670",46,0
"3671",47,0
"3672",49,0
"3673",50,9.39754730540097
"3674",51,0
"3675",52,2.08834384564466
"3676",53,0
"3677",54,0
"3678",57,0
"3679",60,0
"3680",63,0
"3681",64,0
"3682",65,0
"3683",66,26.1042980705583
"3684",68,2.08834384564466
"3685",69,0
"3686",70,0
"3687",71,0
"3688",72,0
"3689",73,0
"3690",74,0
"3691",75,0
"3692",77,0
"3693",80,15.662578842335
"3694",81,0
"3695",83,0
"3696",84,0
"3697",85,0
"3698",87,0
"3699",88,0
"3700",92,0
"3701",93,0
"3702",95,0
"3703",96,0
"3704",97,38.6343611444262
"3705",98,0
"3706",99,0
"3707",100,0
"3708",101,0
"3709",102,0
"3710",103,0
"3711",104,0
"3712",105,0
"3713",106,0
"3714",107,0
"3715",110,0
"3716",111,0
"3717",114,0
"3718",115,0
"3719",119,1.04417192282233
"3720",120,0
"3721",121,0
"3722",122,0
"3723",123,0
"3724",124,0
"3725",125,0
"3726",129,0
"3727",130,0
"3728",131,0
"3729",132,0
"3730",133,10.4417192282233
"3731",134,0
"3732",135,0
"3733",136,0
"3734",137,0
"3735",138,81.4454099801418
"3736",139,0
"3737",140,0
"3738",141,0
"3739",142,0
"3740",143,0
"3741",144,10.4417192282233
"3742",145,5.22085961411165
"3743",146,39.6785330672486
"3744",147,0
"3745",148,0
"3746",149,0
"3747",150,0
"3748",151,0
"3749",152,0
"3750",153,0
"3751",154,0
"3752",155,0
"3753",156,0
"3754",157,0
"3755",158,0
"3756",159,0
"3757",160,0
"3758",161,0
"3759",162,0
"3760",163,0
"3761",164,0
"3762",165,0
"3763",166,0
"3764",167,0
"3765",168,0
"3766",169,0
"3767",170,0
"3768",172,0
"3769",173,0
"3770",174,0
"3771",175,0
"3772",176,50.1202522954719
"3773",177,0
"3774",178,10.4417192282233
"3775",179,0
"3776",180,0
"3777",182,0
"3778",183,0
"3779",184,0
"3780",185,0
"3781",186,0
"3782",187,0
"3783",189,0
"3784",190,0
"3785",191,0
"3786",192,0
"3787",193,0
"3788",194,0
"3789",195,0
"3790",196,0
"3791",197,0
"3792",198,0
"3793",199,0
"3794",200,0
"3795",201,0
"3796",202,0
"3797",203,0
"3798",204,0
"3799",205,135.742349966903
"3800",206,0
"3801",208,0
"3802",209,0
"3803",12,106.505536127878
"3804",13,30.2809857618476
"3805",15,1.04417192282233
"3806",19,30.2809857618476
"3807",27,43.8552207585379
"3808",29,27.1484699933806
"3809",30,9.39754730540097
"3810",31,0
"3811",36,0
"3812",38,0
"3813",40,12.530063073868
"3814",41,0
"3815",44,0
"3816",45,7.30920345975631
"3817",48,2.08834384564466
"3818",51,26.1042980705583
"3819",54,0
"3820",59,0
"3821",61,0
"3822",62,0
"3823",64,0
"3824",65,0
"3825",67,0
"3826",68,0
"3827",70,27.1484699933806
"3828",71,0
"3829",73,0
"3830",74,0
"3831",78,0
"3832",79,0
"3833",80,0
"3834",81,0
"3835",82,0
"3836",83,0
"3837",84,0
"3838",86,0
"3839",87,1.04417192282233
"3840",88,0
"3841",89,5.22085961411165
"3842",90,0
"3843",93,0
"3844",94,0
"3845",95,0
"3846",97,7.30920345975631
"3847",98,0
"3848",99,34.4576734531369
"3849",101,7.30920345975631
"3850",102,67.8711749834515
"3851",103,0
"3852",104,0
"3853",105,0
"3854",106,0
"3855",107,40.7227049900709
"3856",108,0
"3857",109,0
"3858",110,0
"3859",113,0
"3860",114,0
"3861",116,0
"3862",118,0
"3863",119,0
"3864",122,0
"3865",124,125.30063073868
"3866",125,6.26503153693398
"3867",126,0
"3868",128,1.04417192282233
"3869",129,0
"3870",130,0
"3871",131,0
"3872",132,0
"3873",133,0
"3874",134,0
"3875",136,0
"3876",137,49.0760803726495
"3877",138,0
"3878",139,8.35337538257864
"3879",140,0
"3880",141,0
"3881",142,49.0760803726495
"3882",143,0
"3883",144,0
"3884",146,0
"3885",147,0
"3886",150,0
"3887",151,0
"3888",152,0
"3889",153,0
"3890",155,0
"3891",156,0
"3892",157,4.17668769128932
"3893",158,0
"3894",160,0
"3895",161,0
"3896",162,0
"3897",163,0
"3898",164,0
"3899",165,0
"3900",167,0
"3901",169,0
"3902",170,0
"3903",171,0
"3904",172,0
"3905",173,0
"3906",174,0
"3907",175,0
"3908",176,0
"3909",177,0
"3910",178,0
"3911",179,0
"3912",181,0
"3913",182,0
"3914",183,27.1484699933806
"3915",184,0
"3916",185,0
"3917",187,0
"3918",189,156.62578842335
"3919",190,0
"3920",191,0
"3921",192,0
"3922",193,0
"3923",195,0
"3924",196,0
"3925",197,0
"3926",198,24.0159542249136
"3927",200,0
"3928",201,0
"3929",202,0
"3930",203,0
"3931",204,0
"3932",205,0
"3933",206,0
"3934",207,0
"3935",208,0
"3936",209,0
"3937",210,0
"3938",211,0
"3939",5,8.35337538257864
"3940",11,11.4858911510456
"3941",12,44.8993926813602
"3942",22,0
"3943",23,8.35337538257864
"3944",28,5.22085961411165
"3945",31,2.08834384564466
"3946",32,0
"3947",36,0
"3948",37,22.9717823020913
"3949",38,0
"3950",40,0
"3951",42,13.5742349966903
"3952",43,19.8392665336243
"3953",44,13.5742349966903
"3954",45,0
"3955",48,382.166923752973
"3956",50,0
"3957",51,19.8392665336243
"3958",52,18.7950946108019
"3959",54,0
"3960",56,108.593879973522
"3961",59,0
"3962",60,3.13251576846699
"3963",61,1.04417192282233
"3964",63,2.08834384564466
"3965",64,0
"3966",65,0
"3967",67,0
"3968",69,0
"3969",70,1.04417192282233
"3970",71,0
"3971",72,0
"3972",74,0
"3973",75,0
"3974",76,33.4135015303146
"3975",77,0
"3976",78,0
"3977",79,0
"3978",80,0
"3979",81,0
"3980",82,0
"3981",83,0
"3982",84,0
"3983",86,2.08834384564466
"3984",87,2.08834384564466
"3985",89,0
"3986",90,1.04417192282233
"3987",91,0
"3988",92,13.5742349966903
"3989",93,0
"3990",94,0
"3991",95,0
"3992",96,0
"3993",97,0
"3994",98,2.08834384564466
"3995",100,106.505536127878
"3996",102,2.08834384564466
"3997",103,0
"3998",104,0
"3999",105,0
"4000",107,0
"4001",108,0
"4002",109,0
"4003",113,0
"4004",115,0
"4005",116,0
"4006",117,0
"4007",119,0
"4008",120,0
"4009",121,0
"4010",122,0
"4011",123,1.04417192282233
"4012",124,0
"4013",125,0
"4014",126,0
"4015",127,0
"4016",128,0
"4017",129,0
"4018",130,0
"4019",131,4.17668769128932
"4020",132,0
"4021",133,17.7509226879796
"4022",134,0
"4023",136,0
"4024",137,0
"4025",138,0
"4026",139,3.13251576846699
"4027",140,0
"4028",141,0
"4029",143,0
"4030",144,0
"4031",146,0
"4032",147,18.7950946108019
"4033",148,0
"4034",149,0
"4035",150,0
"4036",151,0
"4037",152,0
"4038",153,0
"4039",154,0
"4040",155,0
"4041",156,0
"4042",157,0
"4043",158,0
"4044",163,0
"4045",164,0
"4046",165,1.04417192282233
"4047",166,0
"4048",167,0
"4049",168,0
"4050",170,0
"4051",171,0
"4052",172,0
"4053",173,2.08834384564466
"4054",174,0
"4055",175,15.662578842335
"4056",176,0
"4057",177,1.04417192282233
"4058",178,0
"4059",179,0
"4060",180,0
"4061",181,0
"4062",182,0
"4063",185,0
"4064",186,0
"4065",187,0
"4066",188,0
"4067",189,0
"4068",190,0
"4069",191,0
"4070",192,5.22085961411165
"4071",193,0
"4072",194,0
"4073",195,0
"4074",196,0
"4075",197,0
"4076",198,0
"4077",199,0
"4078",200,0
"4079",201,0
"4080",202,0
"4081",203,0
"4082",204,0
"4083",205,0
"4084",206,0
"4085",207,0
"4086",208,0
"4087",209,0
"4088",210,0
"4089",211,0
"4090",2,42.8110488357155
"4091",7,0
"4092",14,62.6503153693398
"4093",24,0
"4094",33,2.08834384564466
"4095",35,3.13251576846699
"4096",37,0
"4097",38,54.2969399867612
"4098",40,0
"4099",44,0
"4100",46,14.6184069195126
"4101",47,36.5460172987816
"4102",48,12.530063073868
"4103",50,69.9595188290961
"4104",51,0
"4105",52,0
"4106",53,0
"4107",56,0
"4108",58,0
"4109",59,0
"4110",60,0
"4111",61,0
"4112",62,0
"4113",64,0
"4114",66,0
"4115",68,0
"4116",69,0
"4117",70,0
"4118",71,0
"4119",73,0
"4120",75,0
"4121",76,0
"4122",77,0
"4123",79,0
"4124",80,0
"4125",81,1.04417192282233
"4126",83,0
"4127",84,0
"4128",85,0
"4129",88,0
"4130",89,0
"4131",90,0
"4132",91,0
"4133",92,3.13251576846699
"4134",93,0
"4135",94,0
"4136",95,7.30920345975631
"4137",96,0
"4138",97,13.5742349966903
"4139",98,0
"4140",100,0
"4141",101,0
"4142",102,8.35337538257864
"4143",104,2.08834384564466
"4144",105,0
"4145",106,0
"4146",107,0
"4147",108,0
"4148",109,32.3693296074922
"4149",110,0
"4150",112,0
"4151",114,0
"4152",115,0
"4153",116,0
"4154",118,0
"4155",119,0
"4156",120,0
"4157",122,0
"4158",123,0
"4159",124,0
"4160",125,0
"4161",126,0
"4162",127,0
"4163",128,0
"4164",129,2.08834384564466
"4165",130,0
"4166",131,0
"4167",132,17.7509226879796
"4168",133,0
"4169",134,0
"4170",135,0
"4171",136,0
"4172",138,0
"4173",139,84.5779257486088
"4174",140,0
"4175",141,0
"4176",142,0
"4177",143,0
"4178",144,0
"4179",145,0
"4180",146,0
"4181",147,0
"4182",148,0
"4183",149,0
"4184",150,1.04417192282233
"4185",151,0
"4186",152,0
"4187",153,1.04417192282233
"4188",154,0
"4189",155,0
"4190",156,0
"4191",157,0
"4192",158,0
"4193",159,0
"4194",160,0
"4195",161,15.662578842335
"4196",162,0
"4197",163,0
"4198",164,0
"4199",165,0
"4200",166,0
"4201",167,0
"4202",170,0
"4203",171,0
"4204",172,0
"4205",173,0
"4206",175,0
"4207",176,0
"4208",178,0
"4209",179,0
"4210",180,9.39754730540097
"4211",181,0
"4212",182,0
"4213",183,0
"4214",184,0
"4215",185,6.26503153693398
"4216",186,0
"4217",187,0
"4218",188,0
"4219",190,0
"4220",191,0
"4221",192,0
"4222",193,0
"4223",194,7.30920345975631
"4224",195,0
"4225",196,11.4858911510456
"4226",197,0
"4227",198,0
"4228",200,0
"4229",201,0
"4230",202,0
"4231",203,0
"4232",204,0
"4233",205,0
"4234",206,0
"4235",207,0
"4236",208,0
"4237",209,0
"4238",210,0
"4239",211,0
"4240",212,0
"4241",213,0
"4242",214,0
"4243",215,0
"4244",216,0
"4245",217,0
"4246",6,42.8110488357155
"4247",9,4.17668769128932
"4248",16,6.26503153693398
"4249",19,0
"4250",21,9.39754730540097
"4251",24,0
"4252",25,0
"4253",27,12.530063073868
"4254",34,0
"4255",35,16.7067507651573
"4256",36,0
"4257",37,0
"4258",39,0
"4259",41,0
"4260",43,1.04417192282233
"4261",44,0
"4262",47,0
"4263",48,0
"4264",53,43.8552207585379
"4265",54,0
"4266",56,0
"4267",57,0
"4268",58,0
"4269",59,0
"4270",61,0
"4271",66,0
"4272",67,3.13251576846699
"4273",68,0
"4274",69,0
"4275",70,0
"4276",74,0
"4277",76,0
"4278",78,0
"4279",79,0
"4280",80,0
"4281",81,0
"4282",82,0
"4283",83,0
"4284",84,0
"4285",86,0
"4286",88,0
"4287",89,0
"4288",90,0
"4289",91,2.08834384564466
"4290",93,0
"4291",94,0
"4292",95,0
"4293",96,0
"4294",97,0
"4295",98,0
"4296",99,0
"4297",100,0
"4298",101,0
"4299",102,3.13251576846699
"4300",103,0
"4301",104,0
"4302",106,0
"4303",108,0
"4304",109,0
"4305",110,0
"4306",111,0
"4307",113,0
"4308",114,20.8834384564466
"4309",116,0
"4310",117,0
"4311",118,5.22085961411165
"4312",119,0
"4313",121,0
"4314",122,0
"4315",123,0
"4316",124,0
"4317",125,0
"4318",127,0
"4319",128,0
"4320",129,0
"4321",130,0
"4322",132,0
"4323",133,0
"4324",134,0
"4325",135,0
"4326",137,2.08834384564466
"4327",138,0
"4328",139,0
"4329",140,0
"4330",144,0
"4331",145,0
"4332",146,0
"4333",147,0
"4334",148,0
"4335",149,0
"4336",151,0
"4337",152,3.13251576846699
"4338",153,0
"4339",154,0
"4340",155,1.04417192282233
"4341",157,8.35337538257864
"4342",158,0
"4343",159,0
"4344",160,0
"4345",161,0
"4346",162,0
"4347",163,0
"4348",165,0
"4349",166,0
"4350",167,0
"4351",168,0
"4352",169,0
"4353",170,0
"4354",172,0
"4355",173,0
"4356",174,0
"4357",175,0
"4358",176,0
"4359",177,0
"4360",178,0
"4361",179,0
"4362",180,0
"4363",181,0
"4364",182,7.30920345975631
"4365",184,0
"4366",185,0
"4367",186,0
"4368",187,0
"4369",188,0
"4370",189,0
"4371",190,0
"4372",191,0
"4373",192,0
"4374",193,0
"4375",194,0
"4376",195,0
"4377",196,0
"4378",197,0
"4379",198,0
"4380",199,0
"4381",201,0
"4382",202,0
"4383",203,0
"4384",204,3.13251576846699
"4385",205,0
"4386",206,0
"4387",207,0
"4388",208,0
"4389",209,0
"4390",210,0
"4391",211,0
"4392",212,0
"4393",213,0
"4394",214,0
"4395",215,0
"4396",216,0
"4397",217,0
"4398",11,15.662578842335
"4399",19,1.04417192282233
"4400",29,0
"4401",35,0
"4402",42,0
"4403",44,0
"4404",45,0
"4405",48,0
"4406",50,1.04417192282233
"4407",51,0
"4408",54,0
"4409",55,0
"4410",58,0
"4411",59,0
"4412",61,10.4417192282233
"4413",62,3.13251576846699
"4414",64,3.13251576846699
"4415",65,0
"4416",66,0
"4417",71,0
"4418",72,12.530063073868
"4419",73,0
"4420",75,0
"4421",77,0
"4422",78,0
"4423",80,0
"4424",82,0
"4425",83,0
"4426",84,0
"4427",85,0
"4428",86,0
"4429",87,0
"4430",88,0
"4431",89,0
"4432",92,0
"4433",93,0
"4434",94,0
"4435",96,0
"4436",97,0
"4437",99,0
"4438",102,0
"4439",103,0
"4440",104,0
"4441",105,0
"4442",106,0
"4443",107,0
"4444",108,0
"4445",110,0
"4446",111,0
"4447",112,0
"4448",113,0
"4449",115,0
"4450",116,0
"4451",117,0
"4452",118,0
"4453",119,0
"4454",121,0
"4455",122,0
"4456",123,0
"4457",124,2.08834384564466
"4458",126,0
"4459",127,0
"4460",128,0
"4461",129,0
"4462",130,0
"4463",131,0
"4464",132,0
"4465",133,0
"4466",134,0
"4467",135,0
"4468",136,0
"4469",137,0
"4470",138,0
"4471",139,0
"4472",140,0
"4473",141,0
"4474",142,0
"4475",143,0
"4476",144,0
"4477",145,0
"4478",146,0
"4479",147,0
"4480",148,0
"4481",149,0
"4482",150,0
"4483",151,1.04417192282233
"4484",152,0
"4485",153,0
"4486",154,0
"4487",155,0
"4488",157,0
"4489",158,0
"4490",160,2.08834384564466
"4491",162,0
"4492",163,0
"4493",164,0
"4494",165,0
"4495",166,0
"4496",167,0
"4497",168,0
"4498",169,0
"4499",170,0
"4500",171,0
"4501",173,0
"4502",174,0
"4503",175,0
"4504",176,0
"4505",177,0
"4506",178,0
"4507",179,0
"4508",180,0
"4509",181,0
"4510",182,0
"4511",183,0
"4512",184,7.30920345975631
"4513",185,0
"4514",186,0
"4515",187,0
"4516",189,0
"4517",190,0
"4518",191,0
"4519",192,0
"4520",193,0
"4521",194,0
"4522",195,0
"4523",196,0
"4524",197,0
"4525",198,0
"4526",199,0
"4527",200,0
"4528",204,0
"4529",205,0
"4530",206,0
"4531",207,0
"4532",208,0
"4533",209,0
"4534",211,0
"4535",212,0
"4536",213,0
"4537",215,0
"4538",216,0
"4539",217,0
"4540",15,0
"4541",27,0
"4542",32,0
"4543",33,0
"4544",39,0
"4545",40,0
"4546",41,0
"4547",47,0
"4548",48,0
"4549",50,0
"4550",51,0
"4551",55,0
"4552",56,0
"4553",59,0
"4554",61,0
"4555",64,0
"4556",66,0
"4557",68,2.08834384564466
"4558",69,0
"4559",70,0
"4560",72,0
"4561",73,0
"4562",74,0
"4563",75,0
"4564",77,0
"4565",78,0
"4566",80,0
"4567",82,0
"4568",85,0
"4569",86,0
"4570",88,0
"4571",89,0
"4572",90,0
"4573",91,0
"4574",92,0
"4575",94,0
"4576",95,0
"4577",96,0
"4578",97,0
"4579",98,0
"4580",99,0
"4581",100,0
"4582",102,0
"4583",103,0
"4584",104,0
"4585",105,0
"4586",106,0
"4587",107,0
"4588",108,0
"4589",109,0
"4590",110,0
"4591",111,0
"4592",112,0
"4593",113,0
"4594",115,0
"4595",116,0
"4596",117,0
"4597",118,0
"4598",119,0
"4599",120,0
"4600",121,0
"4601",122,0
"4602",123,0
"4603",124,0
"4604",125,0
"4605",126,0
"4606",127,0
"4607",128,0
"4608",129,0
"4609",130,0
"4610",131,0
"4611",132,0
"4612",133,0
"4613",135,0
"4614",137,0
"4615",138,0
"4616",139,0
"4617",140,0
"4618",142,0
"4619",143,0
"4620",144,0
"4621",145,0
"4622",146,0
"4623",147,0
"4624",148,0
"4625",149,0
"4626",151,0
"4627",152,0
"4628",153,0
"4629",154,0
"4630",155,0
"4631",156,0
"4632",157,0
"4633",158,0
"4634",159,0
"4635",160,0
"4636",161,0
"4637",162,0
"4638",163,0
"4639",164,0
"4640",166,0
"4641",168,0
"4642",169,0
"4643",170,0
"4644",171,0
"4645",172,0
"4646",173,0
"4647",175,0
"4648",176,0
"4649",177,0
"4650",178,0
"4651",179,0
"4652",180,0
"4653",183,0
"4654",184,0
"4655",185,0
"4656",186,0
"4657",187,0
"4658",189,0
"4659",190,0
"4660",191,0
"4661",192,0
"4662",193,0
"4663",194,0
"4664",195,0
"4665",196,0
"4666",197,0
"4667",198,0
"4668",199,0
"4669",200,0
"4670",201,0
"4671",202,0
"4672",204,0
"4673",206,0
"4674",207,0
"4675",208,0
"4676",209,0
"4677",210,0
"4678",211,0
"4679",213,0
"4680",214,0
"4681",215,0
"4682",216,0
"4683",217,0
"4684",1,1909.79044684204
"4685",7,1380.39528197112
"4686",20,1623.68733998872
"4687",28,1163.20752202408
"4688",1,2232.43957099414
"4689",2,1620.55482422026
"4690",1,2086.25550179902
"4691",3,612.928918696708
"4692",11,1447.22228503175
"4693",35,883.369446707692
"4694",62,1325.05417006154
"4695",72,1327.14251390718
"4696",156,61.6061434465175
"4697",1,672.446718297581
"4698",2,725.69948636152
"4699",17,140.963209581015
"4700",22,1198.70936740004
"4701",23,1233.16704085317
"4702",28,592.045480240261
"4703",45,626.503153693398
"4704",71,1311.47993506485
"4705",99,928.268839389052
"4706",1,1550.59530539116
"4707",2,760.157159814657
"4708",12,974.212403993234
"4709",13,359.195141450882
"4710",18,514.776757951409
"4711",22,892.766994013092
"4712",24,552.366947173013
"4713",26,875.016071325113
"4714",27,296.544826081542
"4715",71,364.416001064993
"4716",77,564.897010246881
"4717",78,207.790212641644
"4718",95,683.932609448626
"4719",129,1164.2516939469
"4720",161,300.721513772831
"4721",1,1534.93272654883
"4722",2,1409.63209581015
"4723",3,448.993926813602
"4724",4,1234.21121277599
"4725",5,414.536253360465
"4726",12,772.687222888525
"4727",15,1344.89343659516
"4728",22,810.277412110128
"4729",27,1243.6087600814
"4730",31,901.120369395671
"4731",34,749.715440586433
"4732",38,1262.4038546922
"4733",53,486.584116035206
"4734",82,643.209904458556
"4735",114,686.020953294271
"4736",121,552.366947173013
"4737",122,126.344802661502
"4738",148,87.7104415170758
"4739",156,897.987853627204
"4740",157,584.736276780505
"4741",1,1332.36337352129
"4742",2,1384.57196966241
"4743",3,977.344919761701
"4744",5,714.213595210474
"4745",6,896.943681704382
"4746",7,774.775566734169
"4747",12,297.588998004364
"4748",14,486.584116035206
"4749",16,684.976781371449
"4750",19,760.157159814657
"4751",24,471.965709115693
"4752",26,631.72401330751
"4753",33,840.558397871976
"4754",51,398.87367451813
"4755",55,669.314202529114
"4756",60,577.427073320749
"4757",64,750.759612509256
"4758",66,497.025835263429
"4759",69,630.679841384688
"4760",84,15.662578842335
"4761",92,205.701868795999
"4762",94,465.700677578759
"4763",98,537.7485402535
"4764",102,792.526489422149
"4765",104,312.207404923877
"4766",120,296.544826081542
"4767",150,331.002499534679
"4768",152,635.900700998799
"4769",161,831.160850566575
"4770",182,355.018453759592
"4771",198,151.404928809238
"4772",1,855.176804791489
"4773",2,1023.28848436588
"4774",3,226.585307252446
"4775",5,565.941182169703
"4776",7,833.24919441222
"4777",9,560.720322555591
"4778",10,19.8392665336243
"4779",12,807.144896341661
"4780",14,592.045480240261
"4781",15,282.970591084852
"4782",16,841.602569794798
"4783",18,93.9754730540097
"4784",19,323.693296074922
"4785",24,442.728895276668
"4786",28,479.27491257545
"4787",30,694.37432867685
"4788",36,92.9313011311874
"4789",37,821.763303261174
"4790",38,261.042980705583
"4791",47,728.832002129987
"4792",49,253.733777245826
"4793",51,316.384092615166
"4794",54,205.701868795999
"4795",59,479.27491257545
"4796",66,428.110488357155
"4797",80,485.539944112384
"4798",84,264.17549647405
"4799",104,143.051553426659
"4800",112,587.868792548972
"4801",122,22.9717823020913
"4802",123,515.820929874231
"4803",131,664.093342915002
"4804",138,218.231931869867
"4805",141,687.065125217093
"4806",144,33.4135015303146
"4807",147,566.985354092525
"4808",148,37.5901892216039
"4809",178,757.02464404619
"4810",187,981.521607452991
"4811",1,769.554707120058
"4812",3,821.763303261174
"4813",4,581.603761012038
"4814",5,435.419691816912
"4815",6,831.160850566575
"4816",7,941.843074385742
"4817",8,557.587806787124
"4818",9,934.533870925986
"4819",10,606.663887159774
"4820",14,308.030717232587
"4821",15,773.731394811347
"4822",16,174.376711111329
"4823",20,328.914155689034
"4824",21,179.597570725441
"4825",26,371.72520452475
"4826",27,323.693296074922
"4827",30,568.029526015348
"4828",34,290.279794544608
"4829",37,383.211095675795
"4830",39,950.196449768321
"4831",43,606.663887159774
"4832",46,327.869983766212
"4833",47,129.477318429969
"4834",53,490.760803726495
"4835",58,1220.6369777793
"4836",64,591.001308317439
"4837",66,0
"4838",67,231.806166866557
"4839",68,152.44910073206
"4840",75,311.163233001054
"4841",88,591.001308317439
"4842",96,351.885937991125
"4843",98,203.613524950354
"4844",101,0
"4845",131,152.44910073206
"4846",133,75.1803784432078
"4847",160,386.343611444262
"4848",177,84.5779257486088
"4849",179,392.608642981196
"4850",188,304.89820146412
"4851",194,75.1803784432078
"4852",208,559.676150632769
"4853",5,739.27372135821
"4854",6,704.816047905073
"4855",7,500.158351031896
"4856",9,607.708059082596
"4857",11,841.602569794798
"4858",13,150.360756886416
"4859",14,111.726395741989
"4860",15,432.287176048445
"4861",16,391.564471058374
"4862",17,593.089652163084
"4863",18,553.411119095835
"4864",19,1127.70567664812
"4865",20,210.922728410111
"4866",21,114.858911510456
"4867",22,450.038098736424
"4868",23,444.817239122313
"4869",26,4.17668769128932
"4870",28,521.041789488343
"4871",30,327.869983766212
"4872",38,49.0760803726495
"4873",44,372.769376447572
"4874",45,287.147278776141
"4875",47,112.770567664812
"4876",50,167.067507651573
"4877",52,109.638051896345
"4878",58,169.155851497218
"4879",60,487.628287958028
"4880",61,85.6220976714311
"4881",62,448.993926813602
"4882",65,370.681032601927
"4883",66,139.919037658192
"4884",74,559.676150632769
"4885",77,284.014763007674
"4886",78,617.105606387997
"4887",81,113.814739587634
"4888",83,483.451600266739
"4889",85,408.271221823531
"4890",86,599.354683700018
"4891",87,981.521607452991
"4892",93,373.813548370394
"4893",95,241.203714171958
"4894",105,240.159542249136
"4895",110,244.336229940425
"4896",120,702.727704059428
"4897",126,24.0159542249136
"4898",130,1201.8418831685
"4899",147,222.408619561156
"4900",150,238.071198403491
"4901",151,344.576734531369
"4902",156,217.187759947045
"4903",163,610.840574851063
"4904",169,142.007381503837
"4905",175,185.862602262375
"4906",210,64.7386592149845
"4907",1,1212.28360239673
"4908",2,900.076197472849
"4909",3,310.119061078232
"4910",4,708.992735596362
"4911",5,621.282294079287
"4912",6,656.784139455246
"4913",7,592.045480240261
"4914",8,478.230740652627
"4915",9,600.39885562284
"4916",10,341.444218762902
"4917",12,427.066316434333
"4918",13,654.695795609601
"4919",14,257.910464937116
"4920",15,450.038098736424
"4921",16,379.034407984506
"4922",17,57.4294557552282
"4923",20,338.311702994435
"4924",23,411.403737591998
"4925",25,25.0601261477359
"4926",26,634.856529075977
"4927",29,113.814739587634
"4928",30,312.207404923877
"4929",35,224.496963406801
"4930",41,127.388974584324
"4931",42,50.1202522954719
"4932",44,526.262649102454
"4933",55,302.809857618476
"4934",57,109.638051896345
"4935",58,292.368138390253
"4936",59,117.991427278923
"4937",63,67.8711749834515
"4938",66,524.17430525681
"4939",74,3.13251576846699
"4940",75,503.290866800363
"4941",77,694.37432867685
"4942",78,62.6503153693398
"4943",79,148.272413040771
"4944",80,353.97428183677
"4945",82,356.062625682415
"4946",89,402.006190286597
"4947",99,834.293366335042
"4948",100,148.272413040771
"4949",101,167.067507651573
"4950",104,280.882247239207
"4951",110,278.793903393562
"4952",118,22.9717823020913
"4953",121,49.0760803726495
"4954",133,183.77425841673
"4955",137,215.0994161014
"4956",148,52.2085961411165
"4957",152,61.6061434465175
"4958",196,30.2809857618476
"4959",206,494.937491417785
"4960",1,734.052861744098
"4961",2,704.816047905073
"4962",3,1171.56089740665
"4963",4,323.693296074922
"4964",7,83.5337538257864
"4965",8,699.595188290961
"4966",9,633.812357153155
"4967",11,538.792712176323
"4968",13,269.396356088161
"4969",15,591.001308317439
"4970",16,129.477318429969
"4971",17,359.195141450882
"4972",18,427.066316434333
"4973",19,340.40004684008
"4974",20,405.138706055064
"4975",21,198.392665336243
"4976",22,180.641742648263
"4977",24,441.684723353846
"4978",25,1119.35230126554
"4979",29,456.303130273358
"4980",33,298.633169927187
"4981",36,470.921537192871
"4982",37,301.765685695653
"4983",38,338.311702994435
"4984",39,290.279794544608
"4985",40,31.3251576846699
"4986",48,60.5619715236952
"4987",55,517.909273719876
"4988",56,228.67365109809
"4989",58,213.011072255755
"4990",59,0
"4991",61,98.1521607452991
"4992",62,7.30920345975631
"4993",67,210.922728410111
"4994",76,418.712941051755
"4995",78,554.455291018657
"4996",79,774.775566734169
"4997",82,176.465054956974
"4998",86,29.2368138390252
"4999",89,39.6785330672486
"5000",90,124.256458815857
"5001",91,22.9717823020913
"5002",94,232.85033878938
"5003",108,576.382901397926
"5004",109,217.187759947045
"5005",112,466.744849501582
"5006",113,46.9877365270049
"5007",116,231.806166866557
"5008",117,231.806166866557
"5009",118,602.487199468485
"5010",126,440.640551431023
"5011",127,1.04417192282233
"5012",128,63.6944872921622
"5013",171,185.862602262375
"5014",181,217.187759947045
"5015",188,123.212286893035
"5016",207,82.4895819029641
"5017",210,181.685914571085
"5018",1,1310.43576314202
"5019",2,698.551016368139
"5020",3,382.166923752973
"5021",4,806.100724418839
"5022",5,572.206213706637
"5023",6,303.854029541298
"5024",7,498.070007186252
"5025",8,645.2982483042
"5026",9,482.407428343917
"5027",10,833.24919441222
"5028",11,179.597570725441
"5029",14,364.416001064993
"5030",16,461.52398988747
"5031",17,680.800093680159
"5032",18,471.965709115693
"5033",20,311.163233001054
"5034",21,64.7386592149845
"5035",22,301.765685695653
"5036",23,480.319084498272
"5037",24,499.114179109074
"5038",25,231.806166866557
"5039",26,34.4576734531369
"5040",28,258.954636859938
"5041",32,76.2245503660301
"5042",33,0
"5043",34,121.12394304739
"5044",35,790.438145576504
"5045",37,376.946064138861
"5046",39,34.4576734531369
"5047",42,450.038098736424
"5048",43,267.308012242517
"5049",46,182.730086493908
"5050",47,0
"5051",49,471.965709115693
"5052",50,117.991427278923
"5053",52,112.770567664812
"5054",53,383.211095675795
"5055",55,76.2245503660301
"5056",56,503.290866800363
"5057",57,159.758304191817
"5058",58,52.2085961411165
"5059",60,123.212286893035
"5060",63,15.662578842335
"5061",66,2.08834384564466
"5062",69,65.7828311378068
"5063",72,313.251576846699
"5064",75,143.051553426659
"5065",76,323.693296074922
"5066",77,333.090843380323
"5067",85,120.079771124568
"5068",91,19.8392665336243
"5069",92,123.212286893035
"5070",96,155.581616500527
"5071",100,11.4858911510456
"5072",111,1.04417192282233
"5073",112,36.5460172987816
"5074",115,182.730086493908
"5075",117,91.8871292083651
"5076",120,122.168114970213
"5077",121,13.5742349966903
"5078",123,309.07488915541
"5079",127,142.007381503837
"5080",135,497.025835263429
"5081",145,329.958327611856
"5082",148,276.705559547918
"5083",149,84.5779257486088
"5084",154,233.894510712202
"5085",159,288.191450698963
"5086",166,268.352184165339
"5087",168,119.035599201746
"5088",180,1.04417192282233
"5089",186,30.2809857618476
"5090",188,24.0159542249136
"5091",194,321.604952229278
"5092",199,230.761994943735
"5093",1,1003.44921783226
"5094",2,488.672459880851
"5095",3,433.331347971267
"5096",4,105.461364205055
"5097",6,760.157159814657
"5098",7,521.041789488343
"5099",8,43.8552207585379
"5100",9,499.114179109074
"5101",10,98.1521607452991
"5102",13,105.461364205055
"5103",14,600.39885562284
"5104",15,82.4895819029641
"5105",16,465.700677578759
"5106",17,205.701868795999
"5107",18,90.8429572855427
"5108",19,27.1484699933806
"5109",20,44.8993926813602
"5110",21,22.9717823020913
"5111",24,16.7067507651573
"5112",25,0
"5113",26,369.636860679105
"5114",27,102.328848436588
"5115",29,102.328848436588
"5116",30,87.7104415170758
"5117",33,26.1042980705583
"5118",34,80.4012380573194
"5119",35,363.371829142171
"5120",39,581.603761012038
"5121",41,43.8552207585379
"5122",46,0
"5123",47,348.753422222658
"5124",49,266.263840319694
"5125",53,360.239313373704
"5126",55,355.018453759592
"5127",57,57.4294557552282
"5128",58,58.4736276780505
"5129",62,164.979163805928
"5130",66,620.238122156464
"5131",68,2.08834384564466
"5132",73,27.1484699933806
"5133",85,100.240504590944
"5134",88,179.597570725441
"5135",99,1.04417192282233
"5136",101,6.26503153693398
"5137",106,30.2809857618476
"5138",110,27.1484699933806
"5139",111,19.8392665336243
"5140",112,28.1926419162029
"5141",114,36.5460172987816
"5142",118,153.493272654883
"5143",135,0
"5144",142,44.8993926813602
"5145",145,4.17668769128932
"5146",159,323.693296074922
"5147",160,21.9276103792689
"5148",161,0
"5149",162,462.568161810292
"5150",169,0
"5151",183,45.9435646041825
"5152",184,0
"5153",1,466.744849501582
"5154",3,506.42338256883
"5155",4,722.566970593053
"5156",5,519.99761756552
"5157",6,72.0478626747408
"5158",8,183.77425841673
"5159",9,98.1521607452991
"5160",10,178.553398802619
"5161",11,206.746040718821
"5162",12,349.797594145481
"5163",13,356.062625682415
"5164",15,128.433146507147
"5165",16,117.991427278923
"5166",17,145.139897272304
"5167",18,61.6061434465175
"5168",19,179.597570725441
"5169",20,387.387783367085
"5170",21,150.360756886416
"5171",22,124.256458815857
"5172",23,60.5619715236952
"5173",25,65.7828311378068
"5174",26,476.142396806983
"5175",27,114.858911510456
"5176",28,0
"5177",29,175.420883034152
"5178",30,151.404928809238
"5179",31,40.7227049900709
"5180",32,88.7546134398981
"5181",34,175.420883034152
"5182",36,74.1362065203855
"5183",39,491.804975649318
"5184",41,10.4417192282233
"5185",42,88.7546134398981
"5186",43,147.228241117949
"5187",45,71.0036907519185
"5188",49,134.698178044081
"5189",54,247.468745708892
"5190",55,1.04417192282233
"5191",57,29.2368138390252
"5192",63,100.240504590944
"5193",65,0
"5194",67,168.111679574395
"5195",72,1.04417192282233
"5196",74,117.991427278923
"5197",78,304.89820146412
"5198",82,0
"5199",86,109.638051896345
"5200",87,9.39754730540097
"5201",99,58.4736276780505
"5202",103,235.982854557847
"5203",111,358.150969528059
"5204",113,34.4576734531369
"5205",117,57.4294557552282
"5206",121,280.882247239207
"5207",137,86.6662695942534
"5208",168,2.08834384564466
"5209",169,124.256458815857
"5210",174,50.1202522954719
"5211",177,0
"5212",189,0
"5213",199,57.4294557552282
"5214",1,527.306821025277
"5215",2,412.447909514821
"5216",3,171.244195342862
"5217",4,441.684723353846
"5218",5,96.0638168996544
"5219",7,598.310511777195
"5220",8,128.433146507147
"5221",10,389.476127212729
"5222",11,67.8711749834515
"5223",12,372.769376447572
"5224",13,5.22085961411165
"5225",14,187.950946108019
"5226",15,0
"5227",17,57.4294557552282
"5228",18,0
"5229",20,6.26503153693398
"5230",22,282.970591084852
"5231",23,25.0601261477359
"5232",26,51.1644242182942
"5233",28,89.7987853627204
"5234",29,196.304321490598
"5235",30,31.3251576846699
"5236",31,17.7509226879796
"5237",32,84.5779257486088
"5238",33,46.9877365270049
"5239",38,191.083461876486
"5240",40,111.726395741989
"5241",42,43.8552207585379
"5242",45,50.1202522954719
"5243",46,164.979163805928
"5244",49,156.62578842335
"5245",50,3.13251576846699
"5246",51,4.17668769128932
"5247",52,175.420883034152
"5248",55,88.7546134398981
"5249",60,8.35337538257864
"5250",62,1.04417192282233
"5251",63,63.6944872921622
"5252",64,73.0920345975631
"5253",65,4.17668769128932
"5254",71,60.5619715236952
"5255",72,1.04417192282233
"5256",73,41.7668769128932
"5257",75,5.22085961411165
"5258",77,11.4858911510456
"5259",85,229.717823020913
"5260",87,6.26503153693398
"5261",92,24.0159542249136
"5262",105,38.6343611444262
"5263",107,123.212286893035
"5264",112,5.22085961411165
"5265",115,51.1644242182942
"5266",120,62.6503153693398
"5267",126,1.04417192282233
"5268",131,26.1042980705583
"5269",136,62.6503153693398
"5270",141,182.730086493908
"5271",142,1.04417192282233
"5272",143,126.344802661502
"5273",150,35.5018453759592
"5274",156,40.7227049900709
"5275",164,101.284676513766
"5276",171,12.530063073868
"5277",183,14.6184069195126
"5278",200,26.1042980705583
"5279",1,373.813548370394
"5280",2,140.963209581015
"5281",3,73.0920345975631
"5282",4,194.215977644953
"5283",5,25.0601261477359
"5284",6,270.440528010984
"5285",7,179.597570725441
"5286",8,82.4895819029641
"5287",9,159.758304191817
"5288",10,37.5901892216039
"5289",12,272.528871856628
"5290",13,159.758304191817
"5291",14,127.388974584324
"5292",15,245.380401863248
"5293",16,102.328848436588
"5294",17,43.8552207585379
"5295",18,215.0994161014
"5296",20,21.9276103792689
"5297",21,0
"5298",22,24.0159542249136
"5299",23,78.3128942116748
"5300",24,81.4454099801418
"5301",25,105.461364205055
"5302",26,26.1042980705583
"5303",27,11.4858911510456
"5304",28,0
"5305",30,3.13251576846699
"5306",31,13.5742349966903
"5307",32,109.638051896345
"5308",33,71.0036907519185
"5309",34,54.2969399867612
"5310",36,183.77425841673
"5311",37,25.0601261477359
"5312",38,0
"5313",39,85.6220976714311
"5314",40,120.079771124568
"5315",41,52.2085961411165
"5316",43,91.8871292083651
"5317",46,42.8110488357155
"5318",47,32.3693296074922
"5319",49,2.08834384564466
"5320",52,24.0159542249136
"5321",53,57.4294557552282
"5322",56,22.9717823020913
"5323",57,17.7509226879796
"5324",60,15.662578842335
"5325",63,0
"5326",67,4.17668769128932
"5327",68,39.6785330672486
"5328",69,2.08834384564466
"5329",70,0
"5330",74,0
"5331",76,2.08834384564466
"5332",79,108.593879973522
"5333",81,0
"5334",90,0
"5335",91,122.168114970213
"5336",95,124.256458815857
"5337",98,99.1963326681214
"5338",100,1.04417192282233
"5339",101,22.9717823020913
"5340",109,26.1042980705583
"5341",114,88.7546134398981
"5342",120,2.08834384564466
"5343",125,24.0159542249136
"5344",156,17.7509226879796
"5345",159,19.8392665336243
"5346",161,7.30920345975631
"5347",172,5.22085961411165
"5348",188,0
"5349",201,28.1926419162029
"5350",202,1.04417192282233
"5351",203,18.7950946108019
"5352",210,39.6785330672486
"5353",214,140.963209581015
"5354",1,185.862602262375
"5355",2,145.139897272304
"5356",3,316.384092615166
"5357",4,235.982854557847
"5358",5,207.790212641644
"5359",6,67.8711749834515
"5360",7,28.1926419162029
"5361",8,81.4454099801418
"5362",9,95.0196449768321
"5363",10,134.698178044081
"5364",11,26.1042980705583
"5365",12,161.846648037461
"5366",13,251.645433400182
"5367",14,85.6220976714311
"5368",16,88.7546134398981
"5369",17,21.9276103792689
"5370",18,154.537444577705
"5371",19,148.272413040771
"5372",20,13.5742349966903
"5373",21,46.9877365270049
"5374",22,25.0601261477359
"5375",23,87.7104415170758
"5376",24,62.6503153693398
"5377",25,68.9153469062738
"5378",26,87.7104415170758
"5379",28,57.4294557552282
"5380",29,2.08834384564466
"5381",30,21.9276103792689
"5382",31,1.04417192282233
"5383",34,152.44910073206
"5384",35,2.08834384564466
"5385",36,15.662578842335
"5386",37,0
"5387",38,7.30920345975631
"5388",42,84.5779257486088
"5389",43,14.6184069195126
"5390",44,25.0601261477359
"5391",45,136.786521889725
"5392",46,0
"5393",52,19.8392665336243
"5394",53,2.08834384564466
"5395",54,11.4858911510456
"5396",57,0
"5397",58,43.8552207585379
"5398",60,66.8270030606292
"5399",62,17.7509226879796
"5400",63,0
"5401",65,2.08834384564466
"5402",67,2.08834384564466
"5403",71,28.1926419162029
"5404",76,1.04417192282233
"5405",79,3.13251576846699
"5406",81,44.8993926813602
"5407",83,63.6944872921622
"5408",84,66.8270030606292
"5409",87,2.08834384564466
"5410",93,11.4858911510456
"5411",101,14.6184069195126
"5412",114,0
"5413",134,7.30920345975631
"5414",136,32.3693296074922
"5415",141,1.04417192282233
"5416",150,18.7950946108019
"5417",165,9.39754730540097
"5418",167,3.13251576846699
"5419",174,4.17668769128932
"5420",181,0
"5421",182,0
"5422",188,7.30920345975631
"5423",203,0
"5424",205,2.08834384564466
"5425",212,59.5177996008728
